,name,code_id,Points,is_closed,likes,link,talking_about,date
0,LIFE,381189,1435,false,1435.0,https://www.facebook.com/LIFElabsHQ/,119,2018-04-15
1,XTRABYTES,66694,5546,false,5546.0,https://www.facebook.com/XTRABYTESOfficial/,110,2018-04-15
2,SingularityNET,710156,0,false,0.0,https://www.facebook.com/singularityNET.io/,306,2018-04-15
3,,202714,0,,,,,2018-04-15
4,,301112,0,,,,,2018-04-15
5,NYCoin,247232,1606,false,1606.0,https://www.facebook.com/NewYorkCoinCommunity/,15,2018-04-15
6,,517795,0,,,,,2018-04-15
7,,3649,0,,,,,2018-04-15
8,,7624,0,,,,,2018-04-15
9,Spindle,847305,0,false,0.0,https://www.facebook.com/spindlespd/,792,2018-04-15
10,SportyCo,639943,26844,false,26844.0,https://www.facebook.com/SportyCo.io/,223,2018-04-15
11,,5029,0,,,,,2018-04-15
12,,7625,0,,,,,2018-04-15
13,,3646,0,,,,,2018-04-15
14,,26194,0,,,,,2018-04-15
15,Bytecent,5308,639,false,639.0,https://www.facebook.com/bytecent/,2,2018-04-15
16,iXledger,141171,1418,false,1418.0,https://www.facebook.com/iXledger/,16,2018-04-15
17,SunContract,179926,0,false,0.0,https://www.facebook.com/suncontract.org/,422,2018-04-15
18,,20745,0,,,,,2018-04-15
19,,4558,0,,,,,2018-04-15
20,,136244,0,,,,,2018-04-15
21,Status.im,137013,0,false,0.0,https://www.facebook.com/ethstatus/,348,2018-04-15
22,,404752,0,,,,,2018-04-15
23,Xgoxcoin,380754,526,false,526.0,https://www.facebook.com/xgoxcoin/,2,2018-04-15
24,,446051,0,,,,,2018-04-15
25,SophiaTX,379248,40765,false,40765.0,https://www.facebook.com/SophiaTXC/,34,2018-04-15
26,EventChain.io,308072,0,false,0.0,https://www.facebook.com/EventChain/,22,2018-04-15
27,,719223,0,,,,,2018-04-15
28,The Bee Token,764334,0,false,0.0,https://www.facebook.com/thebeetoken/,39,2018-04-15
29,Everex,194883,0,false,0.0,https://www.facebook.com/everex.io/,72,2018-04-15
30,Everus,340966,27043,false,27043.0,https://www.facebook.com/everusworld/,503,2018-04-15
31,,4337,0,,,,,2018-04-15
32,Lisk,19745,0,false,0.0,https://www.facebook.com/LiskHQ/,461,2018-04-15
33,,5391,0,,,,,2018-04-15
34,,4627,0,,,,,2018-04-15
35,,13070,0,,,,,2018-04-15
36,,5375,0,,,,,2018-04-15
37,Gridcoin,5309,0,false,0.0,https://www.facebook.com/gridcoins/,35,2018-04-15
38,,375396,0,,,,,2018-04-15
39,Centra Tech,225277,117995,false,117995.0,https://www.facebook.com/CentraCard/,46,2018-04-15
40,,29935,0,,,,,2018-04-15
41,CarTaxi ICO,278056,5244,false,5244.0,https://www.facebook.com/CarTaxi-ICO-1905979582989363/,68,2018-04-15
42,Mobius,202706,1757,false,1757.0,https://www.facebook.com/mobiusnet/,23,2018-04-15
43,,347067,0,,,,,2018-04-15
44,,112392,0,,,,,2018-04-15
45,Dropil,820902,7152,false,7152.0,https://www.facebook.com/DropilCoin/,185,2018-04-15
46,DOVU,360827,2185,false,2185.0,https://www.facebook.com/DOVUglobal/,30,2018-04-15
47,FirstBlood,28328,0,false,0.0,https://www.facebook.com/firstbloodio/,271,2018-04-15
48,Decent.bet,380712,10345,false,10345.0,https://www.facebook.com/decentbet/,65,2018-04-15
49,Bulwark,453855,214,false,214.0,https://www.facebook.com/bulwark.coin.IO/,26,2018-04-15
50,,55676,0,,,,,2018-04-15
51,Eidoo,310297,0,false,0.0,https://www.facebook.com/eidoocrypto/,103,2018-04-15
52,Iex ec,61877,0,false,0.0,https://www.facebook.com/iexecteam/,411,2018-04-15
53,E-Dinar Worldwide,27634,23433,false,23433.0,https://www.facebook.com/EDinarCoinWorld/,255,2018-04-15
54,,70469,0,,,,,2018-04-15
55,,4583,0,,,,,2018-04-15
56,Unikoin Gold,371005,0,false,0.0,https://www.facebook.com/UnikoinGold/,36,2018-04-15
57,,34506,0,,,,,2018-04-15
58,LATOKEN,184163,32694,false,32694.0,https://www.facebook.com/LiquidAssetToken/,1058,2018-04-15
59,Ong.social,428300,1038,false,1038.0,https://www.facebook.com/OfficialonGsocial/,10,2018-04-15
60,,171884,0,,,,,2018-04-15
61,Ontology,808414,2237,false,2237.0,https://www.facebook.com/ONTnetwork/,402,2018-04-15
62,,25917,0,,,,,2018-04-15
63,,4442,0,,,,,2018-04-15
64,,586567,0,,,,,2018-04-15
65,,136984,0,,,,,2018-04-15
66,Digitalpandacoin,37366,305,false,305.0,https://www.facebook.com/Pandacoin.PND/,4,2018-04-15
67,,20333,0,,,,,2018-04-15
68,,30024,0,,,,,2018-04-15
69,Paragon Coin,225764,0,false,0.0,https://www.facebook.com/paragoncoin/,127,2018-04-15
70,,177863,0,,,,,2018-04-15
71,,429355,0,,,,,2018-04-15
72,Propy,185695,6553,false,6553.0,https://www.facebook.com/propyinc/,75,2018-04-15
73,,43998,0,,,,,2018-04-15
74,,56249,0,,,,,2018-04-15
75,Waves Platform,75475,66528,false,66528.0,https://www.facebook.com/wavesplatform/,990,2018-04-15
76,,819737,0,,,,,2018-04-15
77,,716725,0,,,,,2018-04-15
78,,74912,0,,,,,2018-04-15
79,Spectre,731917,1205,false,1205.0,https://www.facebook.com/spectrepage/,43,2018-04-15
80,,586088,0,,,,,2018-04-15
81,Jibrel Network,400702,5428,false,5428.0,https://www.facebook.com/jibrelnetwork/,30,2018-04-15
82,Ethorse,716736,1185,false,1185.0,https://www.facebook.com/Ethorse-137754290239208/,1,2018-04-15
83,PIRL,355019,335,false,335.0,https://www.facebook.com/PirlOfficial/,9,2018-04-15
84,,71077,0,,,,,2018-04-15
85,Humaniq,72438,0,false,0.0,https://www.facebook.com/humaniq.co/,1242,2018-04-15
86,Trackr-im,360229,693,false,693.0,https://www.facebook.com/cryptoinsight.io/,0,2018-04-15
87,,35124,0,,,,,2018-04-15
88,,5315,0,,,,,2018-04-15
89,TheKey,757542,1830,false,1830.0,https://www.facebook.com/TheKey-1439094662870680/,107,2018-04-15
90,,30566,0,,,,,2018-04-15
91,GCN coin,199065,21808,false,21808.0,https://www.facebook.com/gcncoin/,6295,2018-04-15
92,Global Currency Reserve WorldWide,12217,861,false,861.0,https://www.facebook.com/GCRWorldwide/,5,2018-04-15
93,Agrello,220204,0,false,0.0,https://www.facebook.com/agrellofoundation/,9,2018-04-15
94,,727150,0,,,,,2018-04-15
95,,819799,0,,,,,2018-04-15
96,BitShares,5039,0,false,0.0,https://www.facebook.com/officialbitshares/,11,2018-04-15
97,,5386,0,,,,,2018-04-15
98,,198983,0,,,,,2018-04-15
99,"Patientory, Inc.",129035,0,false,0.0,https://www.facebook.com/patientory/,6,2018-04-15
100,ChronoBank,33914,0,false,0.0,https://www.facebook.com/ChronoBank.io/,169,2018-04-15
101,,4403,0,,,,,2018-04-15
102,Bottos,707507,0,false,0.0,https://www.facebook.com/bottos.org/,1,2018-04-15
103,PRO Commerce,71334,1666,false,1666.0,https://www.facebook.com/procommerceinfo/,10,2018-04-15
104,,5349,0,,,,,2018-04-15
105,ECC,685098,380,false,380.0,https://www.facebook.com/projectECC/,340,2018-04-15
106,Envion,383953,82740,false,82740.0,https://www.facebook.com/envion.org/,379,2018-04-15
107,,61047,0,,,,,2018-04-15
108,RMC,381323,790,false,790.0,https://www.facebook.com/russianminercoin/,14,2018-04-15
109,Blocklancer,223246,21449,false,21449.0,https://www.facebook.com/blocklancer/,42,2018-04-15
110,,402782,0,,,,,2018-04-15
111,Blocksafe Alliance,27996,779,false,779.0,https://www.facebook.com/BlocksafeAlliance/,1,2018-04-15
112,ShipChain,830983,10622,false,10622.0,https://www.facebook.com/shipchain/,478,2018-04-15
113,,5343,0,,,,,2018-04-15
114,,811575,0,,,,,2018-04-15
115,,4587,0,,,,,2018-04-15
116,FundYourselfNow,180820,4730,false,4730.0,https://www.facebook.com/fundyourselfnow/,41,2018-04-15
117,Flypme,464920,0,false,0.0,https://www.facebook.com/flypme/,5,2018-04-15
118,,28223,0,,,,,2018-04-15
119,LBTC,247246,445,false,445.0,https://www.facebook.com/LiteBitcoins/,2,2018-04-15
120,Po.et Project,188811,1408,false,1408.0,https://www.facebook.com/poetproject/,95,2018-04-15
121,,793845,0,,,,,2018-04-15
122,ETHLend,418778,0,false,0.0,https://www.facebook.com/ETHLend/,93,2018-04-15
123,Skincoin,198369,2607,false,2607.0,https://www.facebook.com/skincoin/,63,2018-04-15
124,,89572,0,,,,,2018-04-15
125,TenX,45260,0,false,0.0,https://www.facebook.com/tenxwallet/,393,2018-04-15
126,Pakcoin official,17006,19580,false,19580.0,https://www.facebook.com/pakcoinofficial/,23,2018-04-15
127,Dentacoin,218906,0,false,0.0,https://www.facebook.com/dentacoin/,12145,2018-04-15
128,Dinastycoin,181373,0,false,0.0,https://www.facebook.com/dinastycoin/,1,2018-04-15
129,DECENT,25721,0,false,0.0,https://www.facebook.com/DECENTplatform/,89,2018-04-15
130,,4630,0,,,,,2018-04-15
131,,16713,0,,,,,2018-04-15
132,,187440,0,,,,,2018-04-15
133,I-house token - IHT,831814,19973,false,19973.0,https://www.facebook.com/ihtcoin/,22,2018-04-15
134,Spectre,731943,1205,false,1205.0,https://www.facebook.com/spectrepage/,43,2018-04-15
135,,692839,0,,,,,2018-04-15
136,Diamond,4431,0,false,0.0,https://www.facebook.com/dmdcoin/,14,2018-04-15
137,DMarket,192400,2600,false,2600.0,https://www.facebook.com/dmarketcommunity/,1279,2018-04-15
138,Pareto Network,763768,2525,false,2525.0,https://www.facebook.com/paretonetworkofficial/,24,2018-04-15
139,,4323,0,,,,,2018-04-15
140,,5282,0,,,,,2018-04-15
141,Bunnycoin,769759,482,false,482.0,https://www.facebook.com/Bunnycoin/,3,2018-04-15
142,RIALTO.AI,179990,986,false,986.0,https://www.facebook.com/RIALTOAI-1908809969366651/,8,2018-04-15
143,,20823,0,,,,,2018-04-15
144,Ripple,5031,0,false,0.0,https://www.facebook.com/ripplepay/,1796,2018-04-15
145,Olympus Labs Blockchain,716659,177,false,177.0,https://www.facebook.com/OlympusLabsBC/,1,2018-04-15
146,,255777,0,,,,,2018-04-15
147,,345510,0,,,,,2018-04-15
148,Bytecoin,5280,1218,false,1218.0,https://www.facebook.com/bytecoin.cryptocoin/,0,2018-04-15
149,Komodo Platform,26132,15446,false,15446.0,https://www.facebook.com/KomodoPlatform/,73,2018-04-15
150,,202330,0,,,,,2018-04-15
151,Encrypto Telecom,62529,625,false,625.0,https://www.facebook.com/encryptotel/,5,2018-04-15
152,,409492,0,,,,,2018-04-15
153,Bitcoin Atom,767384,930,false,930.0,https://www.facebook.com/atombitcoin/,17,2018-04-15
154,,5324,0,,,,,2018-04-15
155,Spells of Genesis,20315,0,false,0.0,https://www.facebook.com/spellsofgenesis/,18,2018-04-15
156,Ethereum,7605,136990,false,136990.0,https://www.facebook.com/ethereumproject/,508,2018-04-15
157,Electroneum,361881,0,false,0.0,https://www.facebook.com/electroneum/,5903,2018-04-15
158,,33399,0,,,,,2018-04-15
159,,5017,0,,,,,2018-04-15
160,,28323,0,,,,,2018-04-15
161,,23734,0,,,,,2018-04-15
162,Coinlancer,659393,46009,false,46009.0,https://www.facebook.com/coinlancer/,12,2018-04-15
163,SIRIN LABS,380641,0,false,0.0,https://www.facebook.com/SirinLabs/,2030,2018-04-15
164,,35813,0,,,,,2018-04-15
165,carVertical,713925,18365,false,18365.0,https://www.facebook.com/carvertical.io/,169,2018-04-15
166,,5339,0,,,,,2018-04-15
167,,166594,0,,,,,2018-04-15
168,IO Digital / IOCoin - Blockchain technology,4540,2334,false,2334.0,https://www.facebook.com/iodigitalblockchain/,27,2018-04-15
169,Tidex_Exchange,788468,4653,false,4653.0,https://www.facebook.com/TidexExchange/,15,2018-04-15
170,Namecoin,4580,0,false,0.0,https://www.facebook.com/Namecoin.org/,1,2018-04-15
171,,36988,0,,,,,2018-04-15
172,,6454,0,,,,,2018-04-15
173,,653274,0,,,,,2018-04-15
174,Civic,139467,0,false,0.0,https://www.facebook.com/civictechnologiesinc/,42,2018-04-15
175,The Quantum Resistant Ledger,127667,368,false,368.0,https://www.facebook.com/theqrl/,16,2018-04-15
176,,757568,0,,,,,2018-04-15
177,DubaiCoin,57481,0,false,0.0,https://www.facebook.com/DubaiCoin/,5,2018-04-15
178,Byteball,30736,0,false,0.0,https://www.facebook.com/byteball.org/,35,2018-04-15
179,Biocoin,484355,951,false,951.0,https://www.facebook.com/biocoin.lavkalavka/,30,2018-04-15
180,Happy Coin Blockchain,62659,2707,false,2707.0,https://www.facebook.com/Happycoinorg/,59,2018-04-15
181,HPB Blockchain,675053,681,false,681.0,https://www.facebook.com/HPBGlobal/,65,2018-04-15
182,,30173,0,,,,,2018-04-15
183,,5384,0,,,,,2018-04-15
184,,411496,0,,,,,2018-04-15
185,,5020,0,,,,,2018-04-15
186,,4407,0,,,,,2018-04-15
187,DCORP,188523,6350,false,6350.0,https://www.facebook.com/DecentralizedCorporation/,10,2018-04-15
188,Domraider,311829,0,false,0.0,https://www.facebook.com/Domraider-1432606216988548/,120,2018-04-15
189,Droxne - DRXNE,384953,214,false,214.0,https://www.facebook.com/drxne/,1,2018-04-15
190,Ravencoin,794350,84,false,84.0,https://www.facebook.com/rvncoin/,10,2018-04-15
191,Internet of People,42596,0,false,0.0,https://www.facebook.com/IoPGlobal/,42,2018-04-15
192,,21374,0,,,,,2018-04-15
193,Ionomy,20591,0,false,0.0,https://www.facebook.com/ionomy/,11,2018-04-15
194,,5353,0,,,,,2018-04-15
195,Rivetz,176280,0,false,0.0,https://www.facebook.com/Rivetzcorp/,30,2018-04-15
196,,769862,0,,,,,2018-04-15
197,,195018,0,,,,,2018-04-15
198,CargoX,745054,985,false,985.0,https://www.facebook.com/cargox.io/,140,2018-04-15
199,,5032,0,,,,,2018-04-15
200,,419814,0,,,,,2018-04-15
201,Minexcoin,389849,0,false,0.0,https://www.facebook.com/minexcoin/,59,2018-04-15
202,Sociall,255254,5075,false,5075.0,https://www.facebook.com/sociall.io/,67,2018-04-15
203,Neblio,222085,46316,false,46316.0,https://www.facebook.com/neblioteam/,28,2018-04-15
204,,5317,0,,,,,2018-04-15
205,,30536,0,,,,,2018-04-15
206,Primalbase,84232,1988,false,1988.0,https://www.facebook.com/primalbasehq/,7,2018-04-15
207,,45253,0,,,,,2018-04-15
208,Cappasity,306304,49211,false,49211.0,https://www.facebook.com/cappasity/,100832,2018-04-15
209,Clamcoin,4416,0,false,0.0,https://www.facebook.com/clamclient/,0,2018-04-15
210,,434666,0,,,,,2018-04-15
211,PublicaOfficial,402980,6247,false,6247.0,https://www.facebook.com/OfficialPublica/,51,2018-04-15
212,,221463,0,,,,,2018-04-15
213,GameCredits,20157,0,false,0.0,https://www.facebook.com/gamecredits/,89,2018-04-15
214,,801364,0,,,,,2018-04-15
215,Suretly,177462,952,false,952.0,https://www.facebook.com/suretly/,208,2018-04-15
216,,5298,0,,,,,2018-04-15
217,,683827,0,,,,,2018-04-15
218,,188858,0,,,,,2018-04-15
219,EBoost,368732,137,false,137.0,https://www.facebook.com/eboostcoin/,1,2018-04-15
220,HempCoin,20656,1060,false,1060.0,https://www.facebook.com/HempCoinOfficial/,1,2018-04-15
221,AdEx Network,170452,4614,false,4614.0,https://www.facebook.com/AdExNetwork/,8,2018-04-15
222,My Hush,33460,497,false,497.0,https://www.facebook.com/MyHushTeam/,3,2018-04-15
223,,177175,0,,,,,2018-04-15
224,adbank,468052,4558,false,4558.0,https://www.facebook.com/adbanknetwork/,82,2018-04-15
225,,6108,0,,,,,2018-04-15
226,,182288,0,,,,,2018-04-15
227,,597029,0,,,,,2018-04-15
228,,388042,0,,,,,2018-04-15
229,,178861,0,,,,,2018-04-15
230,,5285,0,,,,,2018-04-15
231,,675995,0,,,,,2018-04-15
232,Breakout Gaming,20892,0,false,0.0,https://www.facebook.com/breakoutandwin/,33,2018-04-15
233,breadwallet,543502,2521,false,2521.0,https://www.facebook.com/breadapp/,52,2018-04-15
234,Gibraltar Blockchain Exchange,801429,0,false,0.0,https://www.facebook.com/GibBlockEx/,61,2018-04-15
235,LaLa World,831848,0,false,0.0,https://www.facebook.com/MyLaLaWorld/,64,2018-04-15
236,Royal Kingdom Enterprise Limited,194924,197,false,197.0,https://www.facebook.com/RoyalKingdomEnterprise/,0,2018-04-15
237,Ethereum Dark,310754,635,false,635.0,https://www.facebook.com/ethereumdark/,60,2018-04-15
238,,325279,0,,,,,2018-04-15
239,Soarcoin,388145,62,false,62.0,https://www.facebook.com/soarcoin/,1,2018-04-15
240,Divi Project,431413,13764,false,13764.0,https://www.facebook.com/diviproject/,26,2018-04-15
241,EOS IO,166503,8959,false,8959.0,https://www.facebook.com/eosblockchain/,344,2018-04-15
242,The Viral Exchange,15879,1085,false,1085.0,https://www.facebook.com/viralexchange/,1,2018-04-15
243,,710098,0,,,,,2018-04-15
244,SingularDTV,24926,0,false,0.0,https://www.facebook.com/SingularDTV/,3455,2018-04-15
245,,84831,0,,,,,2018-04-15
246,Wild Crypto,339533,175,false,175.0,https://www.facebook.com/WildCrypto/,6,2018-04-15
247,,22354,0,,,,,2018-04-15
248,,597540,0,,,,,2018-04-15
249,Waves Platform,20131,66528,false,66528.0,https://www.facebook.com/wavesplatform/,990,2018-04-15
250,,423297,0,,,,,2018-04-15
251,DCORP,763535,6350,false,6350.0,https://www.facebook.com/DecentralizedCorporation/,10,2018-04-15
252,,178467,0,,,,,2018-04-15
253,,374211,0,,,,,2018-04-15
254,,674918,0,,,,,2018-04-15
255,Indorse,185953,6430,false,6430.0,https://www.facebook.com/JoinIndorse/,50,2018-04-15
256,NetkoCoin,53174,0,false,0.0,https://www.facebook.com/NetkoCoin/,0,2018-04-15
257,GLDTalk,4528,720,false,720.0,https://www.facebook.com/gldtalk,6,2018-04-15
258,COSS,186335,0,false,0.0,https://www.facebook.com/cosscrypto/,114,2018-04-15
259,,449614,0,,,,,2018-04-15
260,,20339,0,,,,,2018-04-15
261,Sether,419209,17753,false,17753.0,https://www.facebook.com/setherplatform/,26,2018-04-15
262,,22329,0,,,,,2018-04-15
263,,384651,0,,,,,2018-04-15
264,,4333,0,,,,,2018-04-15
265,,744880,0,,,,,2018-04-15
266,,194567,0,,,,,2018-04-15
267,,23728,0,,,,,2018-04-15
268,PutinCoin,23737,101855,false,101855.0,https://www.facebook.com/PutinCoinPUT/,48,2018-04-15
269,,645766,0,,,,,2018-04-15
270,,107672,0,,,,,2018-04-15
271,BitAsean,586638,567,false,567.0,https://www.facebook.com/BitAsean/,0,2018-04-15
272,,22441,0,,,,,2018-04-15
273,,20202,0,,,,,2018-04-15
274,,42694,0,,,,,2018-04-15
275,BABB,784595,8091,false,8091.0,https://www.facebook.com/getbabb/,177,2018-04-15
276,,5300,0,,,,,2018-04-15
277,,56682,0,,,,,2018-04-15
278,,659488,0,,,,,2018-04-15
279,Eroscoin,439579,16939,false,16939.0,https://www.facebook.com/eroscoin/,19,2018-04-15
280,Restart Energy Democracy,770254,24176,false,24176.0,https://www.facebook.com/restartenergydemocracy/,3434,2018-04-15
281,,218107,0,,,,,2018-04-15
282,Hackspace Capital,321347,7098,false,7098.0,https://www.facebook.com/hackspacecapital/,8,2018-04-15
283,Steneum Coin,692879,4088,false,4088.0,https://www.facebook.com/Steneum-Coin-309897802826595/,923,2018-04-15
284,,105263,0,,,,,2018-04-15
285,,5370,0,,,,,2018-04-15
286,Storiqa,777187,12025,false,12025.0,https://www.facebook.com/storiqa/,276,2018-04-15
287,,204716,0,,,,,2018-04-15
288,TrueFlip.io,150545,60614,false,60614.0,https://www.facebook.com/TrueFlip.io/,1552,2018-04-15
289,TE-Food,784553,39748,false,39748.0,https://www.facebook.com/tefoodintl/,80,2018-04-15
290,Qlink Mobi,637681,1347,false,1347.0,https://www.facebook.com/Qlinkmobile/,52,2018-04-15
291,Binance,204788,58609,false,58609.0,https://www.facebook.com/binanceexchange/,869,2018-04-15
292,TokenStars,294364,0,false,0.0,https://www.facebook.com/TokenStars/,180,2018-04-15
293,OnixCoin,201676,0,false,0.0,https://www.facebook.com/onixcoin/,29,2018-04-15
294,Waltonchain,299397,929,false,929.0,https://www.facebook.com/waltonchain/,4,2018-04-15
295,,37361,0,,,,,2018-04-15
296,Xaurum Official,25082,0,false,0.0,https://www.facebook.com/xaurumofficial/,1207,2018-04-15
297,,59317,0,,,,,2018-04-15
298,,33129,0,,,,,2018-04-15
299,,20270,0,,,,,2018-04-15
300,MyWish,411620,9322,false,9322.0,https://www.facebook.com/MyWish.io/,176,2018-04-15
301,Kickico,202849,20975,false,20975.0,https://www.facebook.com/kickicoplatform/,118,2018-04-15
302,Colossuscoinxt,20903,0,false,0.0,https://www.facebook.com/Colossuscoin/,1,2018-04-15
303,Garlicoin,718975,0,false,0.0,https://www.facebook.com/Garlicoin/,1,2018-04-15
304,,20920,0,,,,,2018-04-15
305,,794362,0,,,,,2018-04-15
306,Waves Platform,43042,66528,false,66528.0,https://www.facebook.com/wavesplatform/,972,2018-04-15
307,,222133,0,,,,,2018-04-15
308,Refereum,795662,0,false,0.0,https://www.facebook.com/Refereum/,3684,2018-04-15
309,Oxycoin,242873,0,false,0.0,https://www.facebook.com/oxycoin.io/,30,2018-04-15
310,Enigma Catalyst,338335,2205,false,2205.0,https://www.facebook.com/enigmacatalyst/,2,2018-04-15
311,Enjin.com,283116,0,false,0.0,https://www.facebook.com/enjinsocial/,159,2018-04-15
312,Leafcoin,789144,4085,false,4085.0,https://www.facebook.com/leafcoin/,4,2018-04-15
313,,667344,0,,,,,2018-04-15
314,ATB Coin,175618,18989,false,18989.0,https://www.facebook.com/atbcoincom/,179,2018-04-15
315,,684818,0,,,,,2018-04-15
316,Atlant Real Estate Platform,235213,13234,false,13234.0,https://www.facebook.com/atlantplatform/,13,2018-04-15
317,,368694,0,,,,,2018-04-15
318,CryptoCarbon - CCRB,35818,13075,false,13075.0,https://www.facebook.com/cryptocarbon/,312,2018-04-15
319,Authorship.com,345017,19407,false,19407.0,https://www.facebook.com/authorshipcom/,44,2018-04-15
320,,131112,0,,,,,2018-04-15
321,,199901,0,,,,,2018-04-15
322,Farad Cryptoken,409128,50857,false,50857.0,https://www.facebook.com/faradcryptoken/,16,2018-04-15
323,,58121,0,,,,,2018-04-15
324,,4418,0,,,,,2018-04-15
325,,24854,0,,,,,2018-04-15
326,BANKEX,241757,18406,false,18406.0,https://www.facebook.com/BankExchange/,130,2018-04-15
327,,116180,0,,,,,2018-04-15
328,,51845,0,,,,,2018-04-15
329,,4347,0,,,,,2018-04-15
330,Influxcoin,20446,22,false,22.0,https://www.facebook.com/influxcoin/,0,2018-04-15
331,Swarm,755563,0,false,0.0,https://www.facebook.com/swarmalliance/,29,2018-04-15
332,ShiftNrg,38307,693,false,693.0,https://www.facebook.com/ShiftNrg/,1,2018-04-15
333,BlockPool,384729,0,false,0.0,https://www.facebook.com/blockpool.io/,8,2018-04-15
334,Blockport,715749,0,false,0.0,https://www.facebook.com/blockport/,39,2018-04-15
335,Encrypgen. LLC,180804,0,false,0.0,https://www.facebook.com/Encrypgen/,55,2018-04-15
336,,50741,0,,,,,2018-04-15
337,,182325,0,,,,,2018-04-15
338,,6104,0,,,,,2018-04-15
339,Target Coin,472769,571,false,571.0,https://www.facebook.com/targetcoinfund/,4,2018-04-15
340,PIVX,42433,0,false,0.0,https://www.facebook.com/PIVXCrypto/,116,2018-04-15
341,Quantum Project,170958,0,false,0.0,https://www.facebook.com/QAUProject/,2,2018-04-15
342,,321992,0,,,,,2018-04-15
343,Hcash,318199,1502,false,1502.0,https://www.facebook.com/HcashOfficial/,8,2018-04-15
344,Horizon State,374246,2861,false,2861.0,https://www.facebook.com/HorizonState/,70,2018-04-15
345,,4352,0,,,,,2018-04-15
346,PascalCoin,40811,0,false,0.0,https://www.facebook.com/PascalCoinOfficial/,22,2018-04-15
347,,50754,0,,,,,2018-04-15
348,,310497,0,,,,,2018-04-15
349,Infinity Economics,372654,132624,false,132624.0,https://www.facebook.com/InfinityEconomicsOfficial/,21424,2018-04-15
350,,22327,0,,,,,2018-04-15
351,EQUAL,777667,706,false,706.0,https://www.facebook.com/equalnetwork/,183,2018-04-15
352,Hawala.Today,563196,564,false,564.0,https://www.facebook.com/hawalatoday/,8,2018-04-15
353,Havven,816635,2144,false,2144.0,https://www.facebook.com/havven.io/,15,2018-04-15
354,Zeitcoin,20908,0,false,0.0,https://www.facebook.com/Zeitcoin/,272,2018-04-15
355,Breakout Gaming,299415,0,false,0.0,https://www.facebook.com/breakoutandwin/,25,2018-04-15
356,Yee,719272,90,false,90.0,https://www.facebook.com/YeeToken/,3,2018-04-15
357,,4618,0,,,,,2018-04-15
358,,15876,0,,,,,2018-04-15
359,,21239,0,,,,,2018-04-15
360,,8762,0,,,,,2018-04-15
361,,851001,0,,,,,2018-04-15
362,DaxxCoin,453647,5423,false,5423.0,https://www.facebook.com/DaxxCoinOfficial/,1,2018-04-15
363,,661719,0,,,,,2018-04-15
364,Internxt,344988,29,false,29.0,https://www.facebook.com/internxt/,0,2018-04-15
365,,408849,0,,,,,2018-04-15
366,Covesting,338426,19612,false,19612.0,https://www.facebook.com/covesting/,703,2018-04-15
367,,28081,0,,,,,2018-04-15
368,,234811,0,,,,,2018-04-15
369,The Cypherfunks,789115,101,false,101.0,https://www.facebook.com/TheCypherfunks/,2,2018-04-15
370,,5313,0,,,,,2018-04-15
371,,21365,0,,,,,2018-04-15
372,WAX token,338541,25984,false,25984.0,https://www.facebook.com/waxtoken/,109,2018-04-15
373,,8825,0,,,,,2018-04-15
374,UFO,5355,894,false,894.0,https://www.facebook.com/ufocoin/,7,2018-04-15
375,,345801,0,,,,,2018-04-15
376,,331603,0,,,,,2018-04-15
377,DIMCOIN,180678,56068,false,56068.0,https://www.facebook.com/DIMCOINICO/,64,2018-04-15
378,,187030,0,,,,,2018-04-15
379,Golem Project,33022,0,false,0.0,https://www.facebook.com/golemproject/,296,2018-04-15
380,Genaro Network,619375,0,false,0.0,https://www.facebook.com/GenaroNetwork/,1102,2018-04-15
381,,338555,0,,,,,2018-04-15
382,,41192,0,,,,,2018-04-15
383,AidCoin,368770,18716,false,18716.0,https://www.facebook.com/AidCoinCo/,21,2018-04-15
384,Gnosis,66193,0,false,0.0,https://www.facebook.com/Gnosis.pm/,31,2018-04-15
385,VibeHub,336538,1305,false,1305.0,https://www.facebook.com/vibehubvr/,5,2018-04-15
386,Vaperscoin - vprc,20718,13,false,13.0,https://www.facebook.com/Vaperscoin-vprc-801307240063493/,16,2018-04-15
387,Open_Bits,15323,475,false,475.0,https://www.facebook.com/obits.io/,0,2018-04-15
388,EthereumCash,355117,654,false,654.0,https://www.facebook.com/CoinTv.ctv/,1,2018-04-15
389,,5295,0,,,,,2018-04-15
390,Irish Coin,660438,0,false,0.0,https://www.facebook.com/IrishCoin/,0,2018-04-15
391,Ruff Chain,744910,2036,false,2036.0,https://www.facebook.com/RuffChainProject/,9,2018-04-15
392,VERGE,4433,0,false,0.0,https://www.facebook.com/VERGEcurrency/,486,2018-04-15
393,OP Coin,718435,298,false,298.0,https://www.facebook.com/OPCoin.official/,10,2018-04-15
394,BOScoin,116384,3477,false,3477.0,https://www.facebook.com/boscoinio/,59,2018-04-15
395,,589829,0,,,,,2018-04-15
396,Nebulas,619555,1405,false,1405.0,https://www.facebook.com/nebulasproject/,70,2018-04-15
397,NavCoin,4571,0,false,0.0,https://www.facebook.com/NavCoin/,110,2018-04-15
398,,21869,0,,,,,2018-04-15
399,,247391,0,,,,,2018-04-15
400,,4348,0,,,,,2018-04-15
401,Lympo.io,767260,34867,false,34867.0,https://www.facebook.com/Lympo.io/,84,2018-04-15
402,The Spectreproject,42598,151,false,151.0,https://www.facebook.com/spectrecash/,5,2018-04-15
403,Givecoin,20910,341,false,341.0,https://www.facebook.com/projectgivecoin/,3,2018-04-15
404,,659770,0,,,,,2018-04-15
405,Bitcoin Planet,182346,999,false,999.0,https://www.facebook.com/Bitcoin-Planet-307450173039709/,2,2018-04-15
406,,130939,0,,,,,2018-04-15
407,FlashCoin,326222,334,false,334.0,https://www.facebook.com/flashcoin.io/,32,2018-04-15
408,Florincoin,5325,378,false,378.0,https://www.facebook.com/FlorinCoin/,6,2018-04-15
409,Espers Coin,130951,319,false,319.0,https://www.facebook.com/EspersCoin/,10,2018-04-15
410,Qvolta,205980,0,false,0.0,https://www.facebook.com/qvolta/,6,2018-04-15
411,Aion Network,431235,1334,false,1334.0,https://www.facebook.com/AionBlockchain/,36,2018-04-15
412,Paycon,12985,0,false,0.0,https://www.facebook.com/PayConX13/,1,2018-04-15
413,,5341,0,,,,,2018-04-15
414,,5351,0,,,,,2018-04-15
415,TerraCoin TRC,4626,273,false,273.0,https://www.facebook.com/TerracoinTRC/,0,2018-04-15
416,,777368,0,,,,,2018-04-15
417,Tether,171986,1453,false,1453.0,https://www.facebook.com/tether.to/,15,2018-04-15
418,TronFoundation,310829,26620,false,26620.0,https://www.facebook.com/tronfoundation/,579,2018-04-15
419,,3642,0,,,,,2018-04-15
420,,348628,0,,,,,2018-04-15
421,,402714,0,,,,,2018-04-15
422,BON,21232,1933,false,1933.0,https://www.facebook.com/BonPeKaO/,0,2018-04-15
423,,35226,0,,,,,2018-04-15
424,Macroncoin,67430,0,false,0.0,https://www.facebook.com/Macroncoin-180784355882434/,0,2018-04-15
425,Obsidian Platform,319075,3473,false,3473.0,https://www.facebook.com/TheObsidianPlatform/,9,2018-04-15
426,ICObox,207775,0,false,0.0,https://www.facebook.com/icobox.io/,32,2018-04-15
427,,4439,0,,,,,2018-04-15
428,,571314,0,,,,,2018-04-15
429,,4592,0,,,,,2018-04-15
430,,6098,0,,,,,2018-04-15
431,,20730,0,,,,,2018-04-15
432,OpenLedger ICOO Token,199363,0,false,0.0,https://www.facebook.com/icooio/,2,2018-04-15
433,,8694,0,,,,,2018-04-15
434,LEOcoin,33001,0,false,0.0,https://www.facebook.com/LEOcoin.org/,61,2018-04-15
435,,332804,0,,,,,2018-04-15
436,DeepOnion,198967,56987,false,56987.0,https://www.facebook.com/deeponionx/,457,2018-04-15
437,Wanchain,240142,15963,false,15963.0,https://www.facebook.com/wanchainfoundation/,264,2018-04-15
438,,70352,0,,,,,2018-04-15
439,Whitecoin,20338,0,false,0.0,https://www.facebook.com/whitecoinfoundation/,1,2018-04-15
440,,661777,0,,,,,2018-04-15
441,,708404,0,,,,,2018-04-15
442,,4590,0,,,,,2018-04-15
443,Bounty0x,543363,355,false,355.0,https://www.facebook.com/bounty0x/,10,2018-04-15
444,,70365,0,,,,,2018-04-15
445,,25921,0,,,,,2018-04-15
446,Startcoin,5289,1658,false,1658.0,https://www.facebook.com/startcoin/,2,2018-04-15
447,Cindicator,338070,5234,false,5234.0,https://www.facebook.com/crowdindicator/,118,2018-04-15
448,Hello ICON World,324068,5755,false,5755.0,https://www.facebook.com/helloicon/,70,2018-04-15
449,ZCashGOLD,431170,2626,false,2626.0,https://www.facebook.com/Zlancer.net/,3,2018-04-15
450,,32544,0,,,,,2018-04-15
451,,765943,0,,,,,2018-04-15
452,Snovio,311853,47039,false,47039.0,https://www.facebook.com/ICOsnovio/,271,2018-04-15
453,Payfair,409155,498,false,498.0,https://www.facebook.com/Payfairio/,0,2018-04-15
454,Incent Loyalty,35823,0,false,0.0,https://www.facebook.com/IncentLoyalty/,14,2018-04-15
455,Saga Coin,659724,208,false,208.0,https://www.facebook.com/Saga-Coin-1551093451615718/,5,2018-04-15
456,Privatix,257772,8888,false,8888.0,https://www.facebook.com/Privatix.ltd/,14,2018-04-15
457,,182364,0,,,,,2018-04-15
458,Lamden,405291,3263,false,3263.0,https://www.facebook.com/LamdenTau/,34,2018-04-15
459,,327184,0,,,,,2018-04-15
460,,385933,0,,,,,2018-04-15
461,,770095,0,,,,,2018-04-15
462,Rebellious,370889,4479,false,4479.0,https://www.facebook.com/RebelliousCoin/,395,2018-04-15
463,,531559,0,,,,,2018-04-15
464,BitcoinDark - BTCD,4400,0,false,0.0,https://www.facebook.com/BitcoinDark/,3,2018-04-15
465,,836492,0,,,,,2018-04-15
466,NaPoleonX,187015,7153,false,7153.0,https://www.facebook.com/NapoleonXProject/,86,2018-04-15
467,Ahoolee,175611,290,false,290.0,https://www.facebook.com/elementhblockchain/,2,2018-04-15
468,,659973,0,,,,,2018-04-15
469,,49610,0,,,,,2018-04-15
470,Matchpool,67096,0,false,0.0,https://www.facebook.com/matchpoolhq/,3,2018-04-15
471,,4535,0,,,,,2018-04-15
472,,674980,0,,,,,2018-04-15
473,IntenseCoin,522090,1758,false,1758.0,https://www.facebook.com/intensecoin/,16398,2018-04-15
474,,752710,0,,,,,2018-04-15
475,Bloom,638634,7608,false,7608.0,https://www.facebook.com/bloomtoken/,58,2018-04-15
476,Tracto,371004,337,false,337.0,https://www.facebook.com/tracto.org/,2,2018-04-15
477,Bitcoin Gold,347235,21651,false,21651.0,https://www.facebook.com/bitcoingoldofficial/,1452,2018-04-15
478,Blackcoin,4339,4653,false,4653.0,https://www.facebook.com/coinblack/,2,2018-04-15
479,B3Coin,777407,4749,false,4749.0,https://www.facebook.com/b3coin/,62,2018-04-15
480,,8761,0,,,,,2018-04-15
481,Upfiring,404806,594,false,594.0,https://www.facebook.com/upfiring/,4,2018-04-15
482,,71321,0,,,,,2018-04-15
483,,4440,0,,,,,2018-04-15
484,,704135,0,,,,,2018-04-15
485,Augur,17778,0,false,0.0,https://www.facebook.com/augurproject/,26,2018-04-15
486,Request Network,335059,3915,false,3915.0,https://www.facebook.com/TheRequestNetwork/,227,2018-04-15
487,,788239,0,,,,,2018-04-15
488,,625010,0,,,,,2018-04-15
489,Regalcoin,322013,11307,false,11307.0,https://www.facebook.com/regalcoin/,356,2018-04-15
490,RefToken,731629,18355,false,18355.0,https://www.facebook.com/RefToken/,17,2018-04-15
491,Factom,13280,0,false,0.0,https://www.facebook.com/FactomProject/,9,2018-04-15
492,,777027,0,,,,,2018-04-15
493,,5385,0,,,,,2018-04-15
494,Litecoin,3808,7865,false,7865.0,https://www.facebook.com/litecoincommunity/,37,2018-04-15
495,BLOCKv,306482,1444,false,1444.0,https://www.facebook.com/blockv.io/,11,2018-04-15
496,Vechain,236131,3558,false,3558.0,https://www.facebook.com/vechain/,16,2018-04-15
497,U.CASH,299774,0,false,0.0,https://www.facebook.com/udotcash/,235,2018-04-15
498,Nebulous,13072,0,false,0.0,https://www.facebook.com/nebulouslabs/,3,2018-04-15
499,,716767,0,,,,,2018-04-15
500,Cashaa,319254,0,false,0.0,https://www.facebook.com/cashaaLtd/,146,2018-04-15
501,,5408,0,,,,,2018-04-15
502,CanYa,327632,0,false,0.0,https://www.facebook.com/CanYaCoin/,81,2018-04-15
503,Change,341422,14916,false,14916.0,https://www.facebook.com/changefinance/,85,2018-04-15
504,Counterparty,5292,0,false,0.0,https://www.facebook.com/CounterpartyXCP/,3,2018-04-15
505,,131111,0,,,,,2018-04-15
506,Bata.io,16125,0,false,0.0,https://www.facebook.com/batacurrency/,1,2018-04-15
507,Bitcoin P2P Cryptocurrency,1182,37425,false,37425.0,https://www.facebook.com/bitcoins/,129,2018-04-15
508,,67462,0,,,,,2018-04-15
509,0x,186277,1044,false,1044.0,https://www.facebook.com/0xProject/,9,2018-04-15
510,,385907,0,,,,,2018-04-15
511,Creativechain,48787,3307,false,3307.0,https://www.facebook.com/Thecreativechain/,13,2018-04-15
512,Verify Pte Ltd,502301,453,false,453.0,https://www.facebook.com/verifyas/,5,2018-04-15
513,Adshares,194530,212,false,212.0,https://www.facebook.com/adshares/,2,2018-04-15
514,,309621,0,,,,,2018-04-15
515,Stratisplatform,24294,7196,false,7196.0,https://www.facebook.com/stratisplatform/,184,2018-04-15
516,,30022,0,,,,,2018-04-15
517,InsurePal,718398,0,false,0.0,https://www.facebook.com/InsurePal/,141,2018-04-15
518,Astronaut Capital,387875,601,false,601.0,https://www.facebook.com/astronautcap/,4,2018-04-15
519,Stellar.org,4614,0,false,0.0,https://www.facebook.com/stellarfoundation/,150,2018-04-15
520,The NAGA Coin,466339,0,false,0.0,https://www.facebook.com/official.nagacoin/,279,2018-04-15
521,,5318,0,,,,,2018-04-15
522,,61061,0,,,,,2018-04-15
523,,304184,0,,,,,2018-04-15
524,Dentcoin,141331,0,false,0.0,https://www.facebook.com/dentcoin/,138,2018-04-15
525,utrust.com,236358,12637,false,12637.0,https://www.facebook.com/utrust.io/,166,2018-04-15
526,Sharpe Capital,364472,0,false,0.0,https://www.facebook.com/sharpecapital/,7,2018-04-15
527,,20444,0,,,,,2018-04-15
528,Britcoin,182416,254,false,254.0,https://www.facebook.com/BritCoinUK/,0,2018-04-15
529,,371095,0,,,,,2018-04-15
530,,409249,0,,,,,2018-04-15
531,MobileGo Crowdfund,55650,1097,false,1097.0,https://www.facebook.com/mobilegoesports/,0,2018-04-15
532,,351720,0,,,,,2018-04-15
533,,6111,0,,,,,2018-04-15
534,Ignition Coin,849815,0,false,,https://www.facebook.com/ignitioncoin/,3,2018-04-15
535,,67447,0,,,,,2018-04-15
536,,4338,0,,,,,2018-04-15
537,WePower - Green Energy Network,355242,0,false,0.0,https://www.facebook.com/WePowerNetwork/,105,2018-04-15
538,Vertcoin,5018,9111,false,9111.0,https://www.facebook.com/vertcoin/,210,2018-04-15
539,Game.com,667239,359,false,359.0,https://www.facebook.com/Game.com.Community/,5,2018-04-15
540,,5372,0,,,,,2018-04-15
541,Rentberry,784762,0,false,0.0,https://www.facebook.com/RentberryInc/,90,2018-04-15
542,DADI,778953,1153,false,1153.0,https://www.facebook.com/daditechnology/,25,2018-04-15
543,,318154,0,,,,,2018-04-15
544,,368743,0,,,,,2018-04-15
545,Hive Project,179329,2762,false,2762.0,https://www.facebook.com/HiveProject.net/,36,2018-04-15
546,AppCoins,346812,10631,false,10631.0,https://www.facebook.com/AppCoinsOfficial/,34,2018-04-15
547,SelfKey,360299,11186,false,11186.0,https://www.facebook.com/SelfKeyNetwork/,30,2018-04-15
548,,486886,0,,,,,2018-04-15
549,BBNcoin,843613,6639,false,6639.0,https://www.facebook.com/officialbbncoin/,48,2018-04-15
550,,29462,0,,,,,2018-04-15
551,,4594,0,,,,,2018-04-15
552,Rubycoin,5316,0,false,0.0,https://www.facebook.com/Rubycoindotorg/,0,2018-04-15
553,Dopecoin.com,28332,0,false,0.0,https://www.facebook.com/dopecoin/,6,2018-04-15
554,,8695,0,,,,,2018-04-15
555,,20650,0,,,,,2018-04-15
556,Storj Labs,187347,0,false,0.0,https://www.facebook.com/storjproject/,32,2018-04-15
557,Storm Token,186875,6794,false,6794.0,https://www.facebook.com/stormtoken/,150,2018-04-15
558,"Reggie Middleton on Finance, Technology,  Fitness & Family",136211,5384,false,5384.0,https://www.facebook.com/reggiemiddletonfintech/,39,2018-04-15
559,,61902,0,,,,,2018-04-15
560,,355702,0,,,,,2018-04-15
561,Legolas Exchange,710370,2995,false,2995.0,https://www.facebook.com/legolas.exchange/,7,2018-04-15
562,Open Trading Network,370726,90123,false,90123.0,https://www.facebook.com/OpenTradingNetwork/,57,2018-04-15
563,Legends Room,66259,368,false,368.0,https://www.facebook.com/legendsroom/,2,2018-04-15
564,,188294,0,,,,,2018-04-15
565,Etherparty,292748,2265,false,2265.0,https://www.facebook.com/etherparty/,16,2018-04-15
566,Axpire,727769,628,false,628.0,https://www.facebook.com/Axpire-537274833301303/,23,2018-04-15
567,Uquid coin,418694,120,false,120.0,https://www.facebook.com/uquidcoin/,0,2018-04-15
568,,20819,0,,,,,2018-04-15
569,Blocktix,175671,732,false,732.0,https://www.facebook.com/blocktix/,2,2018-04-15
570,,770043,0,,,,,2018-04-15
571,,77306,0,,,,,2018-04-15
572,,4624,0,,,,,2018-04-15
573,BiblePay,779041,0,false,0.0,https://www.facebook.com/BiblePay/,3,2018-04-15
574,Crypto20,339632,11303,false,11303.0,https://www.facebook.com/cryptotwenty/,89,2018-04-15
575,,660947,0,,,,,2018-04-15
576,Dash,3807,0,false,0.0,https://www.facebook.com/DashPay/,239,2018-04-15
577,,608140,0,,,,,2018-04-15
578,Burstcoin - HDD Mining,5286,781,false,781.0,https://www.facebook.com/burstcoin.sk/,7,2018-04-15
579,,116425,0,,,,,2018-04-15
580,Particl Project,191116,705,false,705.0,https://www.facebook.com/ParticlProject/,14,2018-04-15
581,,4568,0,,,,,2018-04-15
582,,77337,0,,,,,2018-04-15
583,Zap,684747,2587,false,2587.0,https://www.facebook.com/officialzapstore/,38,2018-04-15
584,,136269,0,,,,,2018-04-15
585,Skeincoin,770118,74,false,74.0,https://www.facebook.com/skeincoinproject/,15,2018-04-15
586,WeTrust,37040,0,false,0.0,https://www.facebook.com/wetrustplatform/,2,2018-04-15
587,GUTS Tickets,597181,0,false,0.0,https://www.facebook.com/gutstickets/,31,2018-04-15
588,,716574,0,,,,,2018-04-15
589,,5304,0,,,,,2018-04-15
590,,3647,0,,,,,2018-04-15
591,,53178,0,,,,,2018-04-15
592,VOISE,188352,259,false,259.0,https://www.facebook.com/voisecomm/,1,2018-04-15
593,EBitcoin Community,321189,8364,false,8364.0,https://www.facebook.com/eBitcoin.org/,16,2018-04-15
594,,729809,0,,,,,2018-04-15
595,,28019,0,,,,,2018-04-15
596,,78152,0,,,,,2018-04-15
597,,4579,0,,,,,2018-04-15
598,Virta Unique Coin,182340,212,false,212.0,https://www.facebook.com/Virta-Unique-Coin-1889771024567905/,1,2018-04-15
599,,5331,0,,,,,2018-04-15
600,Blockmason,374281,0,false,0.0,https://www.facebook.com/blockmasonio/,34,2018-04-15
601,,4345,0,,,,,2018-04-15
602,Karma,771553,1168,false,1168.0,https://www.facebook.com/karma.blockchain/,18,2018-04-15
603,,28154,0,,,,,2018-04-15
604,Monero,5038,24751,false,24751.0,https://www.facebook.com/monerocurrency/,213,2018-04-15
605,OriginTrail,716641,0,false,0.0,https://www.facebook.com/origintrail/,150,2018-04-15
606,,779014,0,,,,,2018-04-15
607,,707530,0,,,,,2018-04-15
608,,341328,0,,,,,2018-04-15
609,,4537,0,,,,,2018-04-15
610,Ripio Credit Network,307219,14666,false,14666.0,https://www.facebook.com/ripiocredit.network/,61,2018-04-15
611,SwftCoin,718353,20920,false,20920.0,https://www.facebook.com/SwftCoin/,13,2018-04-15
612,INS Ecosystem,370973,22756,false,22756.0,https://www.facebook.com/ins.ecosystem/,147,2018-04-15
613,LiveEdu.tv,831932,0,false,0.0,https://www.facebook.com/liveedutvlive/,62,2018-04-15
614,,6103,0,,,,,2018-04-15
615,,815372,0,,,,,2018-04-15
616,BolivarCoin,21357,1449,false,1449.0,https://www.facebook.com/bolivarcoin/,24,2018-04-15
617,,66685,0,,,,,2018-04-15
618,Yocoin,20691,242,false,242.0,https://www.facebook.com/yocoin.org/,0,2018-04-15
619,,5374,0,,,,,2018-04-15
620,IUNGO Network,750134,18067,false,18067.0,https://www.facebook.com/IUNGOnetwork/,23,2018-04-15
621,,177503,0,,,,,2018-04-15
622,PURA,374031,10444,false,10444.0,https://www.facebook.com/officialpura/,162,2018-04-15
623,,370535,0,,,,,2018-04-15
624,Red Pulse,341267,1532,false,1532.0,https://www.facebook.com/redpulsechina/,33,2018-04-15
625,Crystal Clear Services,301191,2244,false,2244.0,https://www.facebook.com/CCSer/,4,2018-04-15
626,,180013,0,,,,,2018-04-15
627,Lampix,223283,0,false,0.0,https://www.facebook.com/Lampix.co/,126,2018-04-15
628,,179345,0,,,,,2018-04-15
629,,362846,0,,,,,2018-04-15
630,Zeepin,731559,0,false,0.0,https://www.facebook.com/ZeepinChain/,1036,2018-04-15
631,Sumokoin,310812,1091,false,1091.0,https://www.facebook.com/sumokoin/,16,2018-04-15
632,Win Okcash,17857,0,false,0.0,https://www.facebook.com/OKCash4Everyone/,0,2018-04-15
633,,43044,0,,,,,2018-04-15
634,,5293,0,,,,,2018-04-15
635,,5301,0,,,,,2018-04-15
636,CloakCoin,4417,0,false,0.0,https://www.facebook.com/CloakCoinOfficial/,30,2018-04-15
637,,4429,0,,,,,2018-04-15
638,Debitum Network,408765,19294,false,19294.0,https://www.facebook.com/DebitumNetwork/,43,2018-04-15
639,,5305,0,,,,,2018-04-15
640,,382450,0,,,,,2018-04-15
641,MicroMoney,589881,0,false,0.0,https://www.facebook.com/micromoneymyanmar/,733,2018-04-15
642,Ambrosus,238733,3928,false,3928.0,https://www.facebook.com/ambrosusAMB/,65,2018-04-15
643,Synereo,18244,0,false,0.0,https://www.facebook.com/synereo/,103,2018-04-15
644,,4350,0,,,,,2018-04-15
645,Power Ledger,339617,0,false,0.0,https://www.facebook.com/powerledger/,456,2018-04-15
646,AdCoin,249821,7405,false,7405.0,https://www.facebook.com/getadcoin/,111,2018-04-15
647,Daoact,177157,2052,false,2052.0,https://www.facebook.com/daoact/,4,2018-04-15
648,,4574,0,,,,,2018-04-15
649,Neufund,372377,0,false,0.0,https://www.facebook.com/neufundorg/,90,2018-04-15
650,,362769,0,,,,,2018-04-15
651,,41868,0,,,,,2018-04-15
652,,340940,0,,,,,2018-04-15
653,Salt Lending,314580,0,false,0.0,https://www.facebook.com/SALTLENDING/,21,2018-04-15
654,,20825,0,,,,,2018-04-15
655,,836124,0,,,,,2018-04-15
656,,4560,0,,,,,2018-04-15
657,ZrCoin,129604,0,false,0.0,https://www.facebook.com/zrcoin/,5,2018-04-15
658,,138642,0,,,,,2018-04-15
659,,61138,0,,,,,2018-04-15
660,Wings,25946,0,false,0.0,https://www.facebook.com/WingsDAO/,3,2018-04-15
661,IP Exchange,844540,1492,false,1492.0,https://www.facebook.com/IPExchange/,59,2018-04-15
662,Crypterium,710597,32729,false,32729.0,https://www.facebook.com/crypterium.org/,379,2018-04-15
663,,13045,0,,,,,2018-04-15
664,Tierion,186309,831,false,831.0,https://www.facebook.com/TierionInc/,20,2018-04-15
665,æternity,190978,0,false,0.0,https://www.facebook.com/aeternityproject/,80,2018-04-15
666,,20907,0,,,,,2018-04-15
667,,711252,0,,,,,2018-04-15
668,Genesis Vision,385952,15776,false,15776.0,https://www.facebook.com/GenesisVisionProject/,113,2018-04-15
669,Vezt,350476,0,false,0.0,https://www.facebook.com/veztinc/,16,2018-04-15
670,,7559,0,,,,,2018-04-15
671,,21710,0,,,,,2018-04-15
672,Bitcoin Red,371064,2663,false,2663.0,https://www.facebook.com/BitcoinRed1/,21,2018-04-15
673,Dnotescoin,5322,1408,false,1408.0,https://www.facebook.com/Dnotescoin-777105165651768/,91,2018-04-15
674,,131154,0,,,,,2018-04-15
675,,15282,0,,,,,2018-04-15
676,OST,369132,0,false,0.0,https://www.facebook.com/OST/,35,2018-04-15
677,COPYTRACK,692869,0,false,0.0,https://www.facebook.com/COPYTRACK/,90,2018-04-15
678,,5296,0,,,,,2018-04-15
679,,675134,0,,,,,2018-04-15
680,Decentraland,199148,5424,false,5424.0,https://www.facebook.com/decentraland/,80,2018-04-15
681,Worldcore.eu Payment Institution,296844,0,false,0.0,https://www.facebook.com/worldcoresocial/,15,2018-04-15
682,,4577,0,,,,,2018-04-15
683,Dether,788387,0,false,0.0,https://www.facebook.com/dether.io/,9636,2018-04-15
684,Augmentors,55540,0,false,0.0,https://www.facebook.com/augmentors/,38,2018-04-15
685,Blockchain Data Foundation,713186,438,false,438.0,https://www.facebook.com/BlockchainDATA/,19,2018-04-15
686,tokens,360063,4740,false,4740.0,https://www.facebook.com/tokens.net/,268,2018-04-15
687,Electrify.asia,836445,0,false,0.0,https://www.facebook.com/electrify.asia/,25,2018-04-15
688,,598428,0,,,,,2018-04-15
689,Fujinto,339406,1819,false,1819.0,https://www.facebook.com/Fujinto/,2,2018-04-15
690,,42663,0,,,,,2018-04-15
691,,20824,0,,,,,2018-04-15
692,,4524,0,,,,,2018-04-15
693,,15870,0,,,,,2018-04-15
694,Rupayacoin,372608,803,false,803.0,https://www.facebook.com/rupayacoin/,4,2018-04-15
695,,375352,0,,,,,2018-04-15
696,,7567,0,,,,,2018-04-15
697,Clearpoll,319130,752,false,752.0,https://www.facebook.com/voteclearpoll/,5,2018-04-15
698,Moeda,341279,0,false,0.0,https://www.facebook.com/moedabanking/,38,2018-04-15
699,,667050,0,,,,,2018-04-15
700,,33004,0,,,,,2018-04-15
701,Women COIN,348068,86,false,86.0,https://www.facebook.com/Women-COIN-1727560350871485/,1,2018-04-15
702,,771061,0,,,,,2018-04-15
703,,236039,0,,,,,2018-04-15
704,,318169,0,,,,,2018-04-15
705,DraftDaily.com,646897,0,false,0.0,https://www.facebook.com/draftdaily/,1,2018-04-15
706,,531408,0,,,,,2018-04-15
707,EuropeCoin ERC,20748,98,false,98.0,https://www.facebook.com/EuropeCoin-ERC-689885431072222/,0,2018-04-15
708,,625173,0,,,,,2018-04-15
709,Mithril,847172,1947,false,1947.0,https://www.facebook.com/MithrilToken/,209,2018-04-15
710,,341019,0,,,,,2018-04-15
711,HMS,836331,2379,false,2379.0,https://www.facebook.com/HMStoken/,1556,2018-04-15
712,Pioneercoin,694199,68946,false,68946.0,https://www.facebook.com/Pcoinofficial/,17,2018-04-15
713,Nucleus.Vision,792548,7180,false,7180.0,https://www.facebook.com/NucleusVision/,280,2018-04-15
714,,234508,0,,,,,2018-04-15
715,,394056,0,,,,,2018-04-15
716,,5338,0,,,,,2018-04-15
717,TomoChain,816702,6641,false,6641.0,https://www.facebook.com/tomochainofficial/,41,2018-04-15
718,EverGreenCoin,15885,0,false,0.0,https://www.facebook.com/EverGreenCoinCryptocurrency/,5,2018-04-15
719,LBRY,23432,0,false,0.0,https://www.facebook.com/lbryio/,967,2018-04-15
720,Viberate,198710,0,false,0.0,https://www.facebook.com/viberateOFC/,25385,2018-04-15
721,,5015,0,,,,,2018-04-15
722,VIULY,393656,5790,false,5790.0,https://www.facebook.com/viuly/,62,2018-04-15
723,investFeed,185669,10432,false,10432.0,https://www.facebook.com/investfeed/,14,2018-04-15
724,Starbase,179947,18436,false,18436.0,https://www.facebook.com/StarbaseCo/,13,2018-04-15
725,Oceanlab_eu,214738,596,false,596.0,https://www.facebook.com/oceanlab.eu/,30,2018-04-15
726,,714255,0,,,,,2018-04-15
727,,40806,0,,,,,2018-04-15
728,Social Send,449573,264,false,264.0,https://www.facebook.com/SocialSendCoin/,23,2018-04-15
729,,178978,0,,,,,2018-04-15
730,Straks,536279,240,false,240.0,https://www.facebook.com/STRAKSproject/,1,2018-04-15
731,,344086,0,,,,,2018-04-15
732,CoinFi,436320,16041,false,16041.0,https://www.facebook.com/CoinFiProject/,12,2018-04-15
733,Pundi X,731516,104083,false,104083.0,https://www.facebook.com/pundixlabs/,126,2018-04-15
734,SwissBorg,752993,0,false,0.0,https://www.facebook.com/swissborg/,251,2018-04-15
735,ELTCOIN,438867,288,false,288.0,https://www.facebook.com/officialELTCOIN/,2,2018-04-15
736,Embermine,221350,0,false,0.0,https://www.facebook.com/embermine/,0,2018-04-15
737,CasinoCoin,4428,201,false,201.0,https://www.facebook.com/CasinoCoin-542679272462319/,2,2018-04-15
738,TrustToken,844139,476,false,476.0,https://www.facebook.com/TrustToken/,10,2018-04-15
739,,734584,0,,,,,2018-04-15
740,Antshares,27368,942,false,942.0,https://www.facebook.com/antshares/,1,2018-04-15
741,bitJob MarketPlace,184237,8795,false,8795.0,https://www.facebook.com/bitJobmarket/,35,2018-04-15
742,Dogecoin,4432,0,false,0.0,https://www.facebook.com/OfficialDogecoin/,160,2018-04-15
743,,4346,0,,,,,2018-04-15
744,MonetaryUnit,22325,1707,false,1707.0,https://www.facebook.com/MonetaryUnit/,3,2018-04-15
745,,5387,0,,,,,2018-04-15
746,DigiByte,4430,0,false,0.0,https://www.facebook.com/digibytecoin/,171,2018-04-15
747,,4353,0,,,,,2018-04-15
748,,18907,0,,,,,2018-04-15
749,AirSwap,337162,2981,false,2981.0,https://www.facebook.com/airswapio/,88,2018-04-15
750,Klenergy,718673,586,false,586.0,https://www.facebook.com/KlenergyTechOfficial/,10,2018-04-15
751,,4629,0,,,,,2018-04-15
752,Revain - Reinventing Reviews on Blockchain,345420,104986,false,104986.0,https://www.facebook.com/revain.org/,52,2018-04-15
753,Ethereum Blue » The First Secure ERC20 Cryptocurrency Token,350048,1201,false,1201.0,https://www.facebook.com/EthereumBlue/,10,2018-04-15
754,CVcoin,188400,12106,false,12106.0,https://www.facebook.com/cvcico/,23,2018-04-15
755,IoT Chain,597629,459,false,459.0,https://www.facebook.com/IoTChain/,20,2018-04-15
756,,341205,0,,,,,2018-04-15
757,ITT TOKEN,232678,22316,false,22316.0,https://www.facebook.com/IntelligentTradingFoundation/,4,2018-04-15
758,,398705,0,,,,,2018-04-15
759,Bibox,757969,565,false,565.0,https://www.facebook.com/Bibox365/,6,2018-04-15
760,Bismuth,322963,546,false,546.0,https://www.facebook.com/cryptobismuth/,15,2018-04-15
761,,33936,0,,,,,2018-04-15
762,Elastos,744987,15592,false,15592.0,https://www.facebook.com/elastosorg/,190,2018-04-15
763,HempCoin,20681,1060,false,1060.0,https://www.facebook.com/HempCoinOfficial/,1,2018-04-15
764,,4605,0,,,,,2018-04-15
765,Monaco Card,166548,4034,false,4034.0,https://www.facebook.com/MonacoCardOfficial/,96,2018-04-15
766,Machinecoin - MAC,41962,6,false,6.0,https://www.facebook.com/machinecoin.io/,2,2018-04-15
767,WandX,320621,2877,false,2877.0,https://www.facebook.com/wandx.co/,13,2018-04-15
768,expanse,12194,0,false,0.0,https://www.facebook.com/expanse.official/,15,2018-04-15
769,,6100,0,,,,,2018-04-15
770,,716522,0,,,,,2018-04-15
771,Experty - calls powered by cryptocurrency,388493,0,false,0.0,https://www.facebook.com/experty.io/,58,2018-04-15
772,,338180,0,,,,,2018-04-15
773,,28021,0,,,,,2018-04-15
774,,196541,0,,,,,2018-04-15
775,Hemp Coin,29924,0,false,0.0,https://www.facebook.com/HempCoin/,10,2018-04-15
776,Autonio,412112,232,false,232.0,https://www.facebook.com/AIAutonio/,61,2018-04-15
777,,253667,0,,,,,2018-04-15
778,,177918,0,,,,,2018-04-15
779,Metaverse,328639,11482,false,11482.0,https://www.facebook.com/mvsofficial/,20,2018-04-15
780,,7586,0,,,,,2018-04-15
781,CreditBit,17547,0,false,0.0,https://www.facebook.com/creditbitofficial/,13,2018-04-15
782,CrowdCoin,586482,406,false,406.0,https://www.facebook.com/CrowdcoinChain/,4,2018-04-15
783,SYNXlabs,27591,88,false,88.0,https://www.facebook.com/SYNXlabs-1563553630616609/,0,2018-04-15
784,FidentiaX,777557,1911,false,1911.0,https://www.facebook.com/fidentiaX/,10,2018-04-15
785,,202049,0,,,,,2018-04-15
786,,411647,0,,,,,2018-04-15
787,,4616,0,,,,,2018-04-15
788,,4438,0,,,,,2018-04-15
789,Universal Currency,20728,515,false,515.0,https://www.facebook.com/unitcoin/,6,2018-04-15
790,Opus,197054,1011,false,1011.0,https://www.facebook.com/opusfoundation/,25,2018-04-15
791,,667139,0,,,,,2018-04-15
792,,45258,0,,,,,2018-04-15
793,,20594,0,,,,,2018-04-15
794,BUZZcoin,28893,0,false,0.0,https://www.facebook.com/BUZZCOIN/,65,2018-04-15
795,,377792,0,,,,,2018-04-15
796,,53950,0,,,,,2018-04-15
797,Fortuna Blockchain,729627,331,false,331.0,https://www.facebook.com/fortunablockchain/,3,2018-04-15
798,Theta Token,714811,0,false,0.0,https://www.facebook.com/ThetaToken/,1977,2018-04-15
799,Plutus,42837,0,false,0.0,https://www.facebook.com/Plutusit/,9,2018-04-15
800,,184298,0,,,,,2018-04-15
801,GRAFT Blockchain,326286,3357,false,3357.0,https://www.facebook.com/graftnetwork/,144,2018-04-15
802,,52015,0,,,,,2018-04-15
803,CoinDash,177139,4764,false,4764.0,https://www.facebook.com/coindash.io/,11,2018-04-15
804,DS PLUS Fork,380571,272,false,272.0,https://www.facebook.com/dspluscoin/,0,2018-04-15
805,,321177,0,,,,,2018-04-15
806,Peercoin,2349,3701,false,3701.0,https://www.facebook.com/Peercoin/,4,2018-04-15
807,,788409,0,,,,,2018-04-15
808,GATCOIN,349487,1870,false,1870.0,https://www.facebook.com/gatcoinofficial/,38,2018-04-15
809,NEO,213532,25119,false,25119.0,https://www.facebook.com/NEOSmartEcon/,180,2018-04-15
810,,6102,0,,,,,2018-04-15
811,PayPie,327500,1974,false,1974.0,https://www.facebook.com/PayPiePlatform/,5,2018-04-15
812,,179896,0,,,,,2018-04-15
813,PeerPlays,29348,0,false,0.0,https://www.facebook.com/PeerPlays/,42,2018-04-15
814,,257110,0,,,,,2018-04-15
815,CUBE Intelligence,815399,1999,false,1999.0,https://www.facebook.com/cubeintelligenceltd/,25,2018-04-15
816,CampusCoin Project,228090,0,false,0.0,https://www.facebook.com/CampusCoinProject/,52,2018-04-15
817,Monetha,208914,7233,false,7233.0,https://www.facebook.com/Monetha.io/,123,2018-04-15
818,MyTrackNet,313967,0,false,0.0,https://www.facebook.com/MyTrackNet/,4,2018-04-15
819,Metal,179164,2080,false,2080.0,https://www.facebook.com/metalpaysme/,65,2018-04-15
820,Maecenas,311558,0,false,0.0,https://www.facebook.com/maecenasart/,0,2018-04-15
821,,769416,0,,,,,2018-04-15
822,,7599,0,,,,,2018-04-15
823,Arctic Coin,188615,1100,false,1100.0,https://www.facebook.com/arcticcoin.official/,6,2018-04-15
824,,4371,0,,,,,2018-04-15
825,ARK.io,32699,0,false,0.0,https://www.facebook.com/ArkEcosystem/,90,2018-04-15
826,Aeron,335127,3237,false,3237.0,https://www.facebook.com/aeronpublic/,241,2018-04-15
827,,372812,0,,,,,2018-04-15
828,Tigereum,765383,0,false,0.0,https://www.facebook.com/tigereum/,11,2018-04-15
829,Hacken,517775,4862,false,4862.0,https://www.facebook.com/hacken.io/,396,2018-04-15
830,Nxt Blockchain,1183,0,false,0.0,https://www.facebook.com/NxtBlockchain/,75,2018-04-15
831,Beyond the void,35678,0,false,0.0,https://www.facebook.com/beyondvoid/,30,2018-04-15
832,Latium,849939,0,false,,https://www.facebook.com/LatiumProject/,22,2018-04-15
833,,28276,0,,,,,2018-04-15
834,,347450,0,,,,,2018-04-15
835,,322002,0,,,,,2018-04-15
836,,231674,0,,,,,2018-04-15
837,,5348,0,,,,,2018-04-15
838,TaaS,66270,3848,false,3848.0,https://www.facebook.com/taasfund/,12,2018-04-15
839,BitDegree,423754,81389,false,81389.0,https://www.facebook.com/bitdegree.org/,204,2018-04-15
840,Bitdeal,374294,300,false,300.0,https://www.facebook.com/bitdeal.co.in/,0,2018-04-15
841,,289715,0,,,,,2018-04-15
842,GIFTO-Decentralized Universal Gifting Protocol for Global Content Creators,517477,6757,false,6757.0,https://www.facebook.com/gifto.io/,9,2018-04-15
843,,136190,0,,,,,2018-04-15
844,UpToken,347247,0,false,0.0,https://www.facebook.com/UpTokenSale/,9,2018-04-15
845,,517483,0,,,,,2018-04-15
846,indaHash,708873,29030,false,29030.0,https://www.facebook.com/indahash/,293,2018-04-15
847,,4562,0,,,,,2018-04-15
848,,357734,0,,,,,2018-04-15
849,CoinStarter,396716,4242,false,4242.0,https://www.facebook.com/realCoinStarter/,8,2018-04-15
850,Digipulse,202696,583,false,583.0,https://www.facebook.com/digipulse.io/,146,2018-04-15
851,,4611,0,,,,,2018-04-15
852,Newbium,380794,418,false,418.0,https://www.facebook.com/newbium/,2,2018-04-15
853,,28219,0,,,,,2018-04-15
854,,198408,0,,,,,2018-04-15
855,Quantstamp Technologies Inc,397757,42501,false,42501.0,https://www.facebook.com/quantstamp/,34,2018-04-15
856,,819702,0,,,,,2018-04-15
857,,4321,0,,,,,2018-04-15
858,,769546,0,,,,,2018-04-15
859,Datum,335505,0,false,0.0,https://www.facebook.com/datumnetwork/,227,2018-04-15
860,Herosphere,369251,0,false,0.0,https://www.facebook.com/herosphere.gg/,63,2018-04-15
861,Loci,404890,1982,false,1982.0,https://www.facebook.com/LOCIplatform/,24,2018-04-15
862,,369151,0,,,,,2018-04-15
