,name,code_id,Points,account_creation,favourites,followers,following,link,lists,statuses,date
0,LIFElabs,381189,513,2017-05-29 18:45:14,81,4696.0,336,https://twitter.com/LIFElabsHQ,44.0,590.0,2018-04-15
1,XTRABYTES,66694,1136,2017-04-28 03:16:12,1372,9907.0,191,https://twitter.com/XtraBYtes,146.0,821.0,2018-04-15
2,SingularityNET,710156,1821,2017-10-04 14:53:17,887,15766.0,277,https://twitter.com/singularity_net,245.0,663.0,2018-04-15
3,BitDice,202714,429,2014-09-15 11:20:27,18,3549.0,25,https://twitter.com/BitDice,75.0,267.0,2018-04-15
4,Ormeus Coin,301112,734,2017-08-12 13:00:16,105,6988.0,12,https://twitter.com/ormeuscoin,36.0,121.0,2018-04-15
5,New York Coin Community,247232,37,2018-02-02 16:54:13,155,353.0,159,https://twitter.com/nycoincommunity,2.0,196.0,2018-04-15
6,B2Broker | B2BX,517795,418,2016-09-12 06:03:33,31,3908.0,5,https://twitter.com/b2broker_net,28.0,278.0,2018-04-15
7,,3649,0,,,,,,,,2018-04-15
8,,7624,0,,,,,,,,2018-04-15
9,SPINDLE,847305,275,2018-04-12 12:21:27,3,2743.0,7,https://twitter.com/spindlezone,1.0,11.0,2018-04-15
10,sportyfi_io,639943,0,2018-02-01 13:34:04,0,3.0,0,https://twitter.com/sportyfi_io,0.0,1.0,2018-04-15
11,Primecoin,5029,1306,2013-07-10 16:45:46,89,10842.0,6256,https://twitter.com/Primecoin,222.0,759.0,2018-04-15
12,goldpieces,7625,52,2015-01-09 13:14:25,257,403.0,141,https://twitter.com/Gold_Pieces,12.0,194.0,2018-04-15
13,PetroDollar,3646,94,2014-02-17 14:19:48,1,686.0,16,https://twitter.com/ThePetroDollar,26.0,90.0,2018-04-15
14,,26194,0,,,,,,,,2018-04-15
15,Bytecent,5308,265,2014-11-07 02:57:42,0,1904.0,3,https://twitter.com/Bytecent_BYC,75.0,6.0,2018-04-15
16,iXledger,141171,1094,2017-06-08 12:00:11,668,9901.0,370,https://twitter.com/iXledgertech,104.0,138.0,2018-04-15
17,SunContract,179926,1493,2016-06-16 15:40:42,663,13871.0,41,https://twitter.com/sun_contract,106.0,579.0,2018-04-15
18,aeon,20745,22,2014-06-06 18:23:00,23,202.0,284,https://twitter.com/AeonCoin,2.0,110.0,2018-04-15
19,Maxcoin Project,4558,12,2017-07-30 17:25:52,0,67.0,0,https://twitter.com/maxcoinproject,6.0,0.0,2018-04-15
20,SONM,136244,3186,2017-01-09 08:20:38,72,27437.0,31,https://twitter.com/sonmdevelopment,443.0,622.0,2018-04-15
21,Status,137013,10792,2016-09-10 19:22:29,1170,95529.0,249,https://twitter.com/ethstatus,1240.0,752.0,2018-04-15
22,Magnetwork.io,404752,167,2017-11-09 09:27:34,9,1429.0,7,https://twitter.com/magnetwork_io,25.0,86.0,2018-04-15
23,XGOX ($xGOx),380754,629,2017-10-12 12:31:32,119,6017.0,261,https://twitter.com/XgoxCoin,28.0,235.0,2018-04-15
24,People Coin,446051,121,2017-07-08 22:29:17,3,1189.0,476,https://twitter.com/peoplecoinnews,3.0,13.0,2018-04-15
25,SophiaTX,379248,1564,2017-08-14 07:37:54,249,14227.0,477,https://twitter.com/Sophia_TX_,142.0,401.0,2018-04-15
26,EventChain,308072,2848,2017-05-14 22:23:09,334,27996.0,880,https://twitter.com/EventChain_io,49.0,383.0,2018-04-15
27,Devery.io,719223,278,2017-09-28 08:12:14,24,2384.0,62,https://twitter.com/deveryofficial,40.0,36.0,2018-04-15
28,The Bee Token,764334,3780,2017-09-10 17:31:33,699,35284.0,1724,https://twitter.com/thebeetoken,252.0,748.0,2018-04-15
29,Everex,194883,1638,2016-04-09 12:17:13,422,13669.0,828,https://twitter.com/everexio,272.0,466.0,2018-04-15
30,everus,340966,88,2017-07-21 01:42:14,63,745.0,80,https://twitter.com/everusworld,14.0,238.0,2018-04-15
31,Betacoin,4337,72,2013-11-21 20:34:16,0,491.0,702,https://twitter.com/Betacoin,23.0,70.0,2018-04-15
32,Lisk,19745,20864,2016-01-07 16:42:08,3943,186991.0,331,https://twitter.com/LiskHQ ,2164.0,1570.0,2018-04-15
33,BitcoinPlus,5391,74,2014-04-28 16:33:41,3,613.0,26,https://twitter.com/BitcoinPlusXBC,13.0,125.0,2018-04-15
34,TittieCoinâ„¢,4627,228,2014-01-21 20:07:37,317,1751.0,349,https://twitter.com/TittieCoin,44.0,9336.0,2018-04-15
35,Groestlcoin (GRS),13070,6918,2014-04-03 09:06:58,6675,65834.0,323,https://twitter.com/GroestlcoinTeam,333.0,2555.0,2018-04-15
36,GreenCoin,5375,66,2014-06-05 19:28:33,28,522.0,361,https://twitter.com/GoGreenCoin,14.0,293.0,2018-04-15
37,GridcoinNetwork,5309,2219,2013-10-28 00:29:42,1999,16126.0,234,https://twitter.com/GridcoinNetwork,605.0,2620.0,2018-04-15
38,Bitsparkhodl,375396,1,2018-01-30 13:34:47,0,10.0,0,https://twitter.com/BitsparkBTC,0.0,0.0,2018-04-15
39,Centra,225277,2976,2017-07-12 00:45:14,1311,26758.0,404,https://twitter.com/centra_card,301.0,914.0,2018-04-15
40,Fujicoin Official,29935,306,2014-05-13 12:05:45,1,2690.0,1766,https://twitter.com/FujiCoin,37.0,151.0,2018-04-15
41,CarTaxi | App,278056,693,2017-03-27 09:27:16,35,6550.0,10,https://twitter.com/CarTaxi_24,38.0,265.0,2018-04-15
42,Mobius,202706,1121,2017-06-30 02:06:16,745,9772.0,50,https://twitter.com/mobius_network,144.0,464.0,2018-04-15
43,WhaleCoin,347067,148,2017-08-27 09:52:58,235,1255.0,164,https://twitter.com/WhaleCoinOrg,23.0,106.0,2018-04-15
44,QtumOfficial,112392,17156,2016-09-06 04:07:48,117,155781.0,784,https://twitter.com/QtumOfficial,1578.0,970.0,2018-04-15
45,Dropil,820902,729,2018-01-12 02:59:44,61,6625.0,87,https://twitter.com/DropilCoin,67.0,77.0,2018-04-15
46,DOVU,360827,631,2017-05-08 11:17:54,181,5599.0,3014,https://twitter.com/dovuapi,72.0,326.0,2018-04-15
47,FirstBlood,28328,2472,2016-07-03 15:07:16,1583,21304.0,3660,https://twitter.com/firstbloodio,340.0,2387.0,2018-04-15
48,DecentBet,380712,471,2017-06-21 21:06:22,434,4196.0,1135,https://twitter.com/Decent_Bet,52.0,248.0,2018-04-15
49,Bulwark,453855,365,2017-10-16 21:04:39,118,3261.0,23,https://twitter.com/BulwarkCoin,39.0,121.0,2018-04-15
50,Edgeless,55676,4499,2016-12-04 16:35:16,357,39403.0,137,https://twitter.com/edgelessproject,559.0,548.0,2018-04-15
51,Eidoo,310297,2736,2017-03-19 08:03:06,2955,24393.0,108,https://twitter.com/eidoo_io,296.0,1486.0,2018-04-15
52,iExec,61877,2510,2016-09-13 11:31:29,283,20540.0,831,https://twitter.com/iEx_ec,456.0,925.0,2018-04-15
53,E-Dinar World,27634,781,2016-08-24 08:48:15,0,6951.0,21,https://twitter.com/edinarworldwide,84.0,2893.0,2018-04-15
54,,70469,0,,,,,,,,2018-04-15
55,Mario,4583,266,2015-08-13 18:13:18,306,1414.0,2269,https://twitter.com/OrBitcoinLove,123.0,2146.0,2018-04-15
56,UnikoinGold,371005,698,2014-12-28 22:14:46,189,6147.0,40,https://twitter.com/UnikoinGold,84.0,421.0,2018-04-15
57,AquariusCoin (ARCO),34506,348,2015-12-23 13:31:12,246,3015.0,2982,https://twitter.com/ArcCoin,47.0,296.0,2018-04-15
58,LATOKEN,184163,912,2017-07-07 14:40:55,773,7683.0,243,https://twitter.com/LATokens,144.0,430.0,2018-04-15
59,OneName Global,428300,1163,2013-04-10 06:29:05,591,10976.0,1516,https://twitter.com/OneName_Global,57.0,9326.0,2018-04-15
60,PolibB,171884,1,2018-04-10 07:51:28,1,6.0,1,https://twitter.com/PolybiusBank,1.0,4.0,2018-04-15
61,Ontology,808414,4359,2017-10-23 07:06:34,1109,40167.0,191,https://twitter.com/OntologyNetwork,343.0,823.0,2018-04-15
62,,25917,0,,,,,,,,2018-04-15
63,Exclusive Coin,4442,1278,2014-09-09 00:27:46,175,11184.0,7,https://twitter.com/exclusivecoin,160.0,755.0,2018-04-15
64,PhantomX,586567,92,2017-10-09 07:02:30,13,802.0,432,https://twitter.com/PhantomX_Coin,12.0,63.0,2018-04-15
65,Cofound.it,136984,1931,2016-10-17 10:24:25,1661,16353.0,210,https://twitter.com/cofound_it,295.0,1422.0,2018-04-15
66,DigitalPandacoin,37366,373,2017-06-09 15:57:26,98,3477.0,71,https://twitter.com/PandaCoinPND,26.0,83.0,2018-04-15
67,steemit,20333,11023,2016-03-19 03:24:55,13236,94844.0,13147,https://twitter.com/steemit,1525.0,14498.0,2018-04-15
68,Premium,30024,4,2015-05-22 21:13:07,0,31.0,0,https://twitter.com/PremiumCoinDev,1.0,6.0,2018-04-15
69,Paragon,225764,527,2017-06-27 04:22:22,588,4292.0,307,https://twitter.com/ParagonCoin,98.0,688.0,2018-04-15
70,Santiment,177863,1114,2016-09-14 15:21:41,172,8691.0,35,https://twitter.com/santimentfeed,245.0,487.0,2018-04-15
71,Oyster Protocol,429355,1289,2017-09-05 12:26:11,0,11763.0,9,https://twitter.com/OysterProtocol,113.0,131.0,2018-04-15
72,Propy,185695,1097,2015-12-28 21:10:28,891,9038.0,436,https://twitter.com/PropyInc,194.0,697.0,2018-04-15
73,Printerium,43998,60,2017-01-22 18:46:04,6,452.0,11,https://twitter.com/printerium,15.0,8.0,2018-04-15
74,,56249,0,,,,,,,,2018-04-15
75,Waves Platform,75475,13619,2016-03-09 10:38:13,2302,118285.0,2,https://twitter.com/wavesplatform,1789.0,2317.0,2018-04-15
76,CoinPoker,819737,496,2017-08-17 11:43:44,334,4683.0,768,https://twitter.com/CoinPoker_OFF,28.0,777.0,2018-04-15
77,"Zilliqa (No, we are not giving away any ETH)",716725,3214,2017-06-09 01:10:50,95,28777.0,69,https://twitter.com/zilliqa,337.0,481.0,2018-04-15
78,Î›PX,74912,676,2017-04-03 02:46:13,19,5326.0,0,https://twitter.com/APX_Ventures,144.0,55.0,2018-04-15
79,Team Spectre,731917,752,2017-07-21 12:04:34,120,6704.0,218,https://twitter.com/SpectreAI,82.0,690.0,2018-04-15
80,DeepBrainChain,586088,2647,2017-11-21 07:18:37,377,24024.0,92,https://twitter.com/DeepBrainChain,245.0,265.0,2018-04-15
81,,400702,0,,,,,,,,2018-04-15
82,Ethorse,716736,132,2017-10-24 03:33:25,192,1127.0,163,https://twitter.com/EthorseTeam,20.0,128.0,2018-04-15
83,Pirl.io,355019,609,2017-09-29 02:25:46,276,5501.0,73,https://twitter.com/PirlOfficial,59.0,408.0,2018-04-15
84,Monolith Studio,71077,269,2016-07-17 11:03:03,25,2155.0,45,https://twitter.com/monolith_web3,54.0,8.0,2018-04-15
85,Humaniq,72438,56,2017-08-01 23:16:52,0,485.0,4,https://twitter.com/Humaniq_co,8.0,3.0,2018-04-15
86,CryptoInsight,360229,410,2017-07-03 08:55:35,12,3582.0,29,https://twitter.com/cryptoinsightio,52.0,84.0,2018-04-15
87,The Tokes Platform,35124,1034,2016-09-22 16:52:41,1778,8434.0,3581,https://twitter.com/TokesPlatform,191.0,834.0,2018-04-15
88,Gulden,5315,1273,2014-03-26 13:59:31,285,10260.0,9,https://twitter.com/Gulden,247.0,897.0,2018-04-15
89,THEKEY,757542,2779,2017-10-13 06:28:38,985,26019.0,46,https://twitter.com/thekeyvip,178.0,230.0,2018-04-15
90,GuccioneCoinGCC,30566,50,2015-02-21 13:29:46,0,340.0,663,https://twitter.com/GuccioneCoinGCC,16.0,12.0,2018-04-15
91,,199065,0,,,,,,,,2018-04-15
92,GCR Worldwide,12217,506,2015-05-02 21:06:45,905,3902.0,3174,https://twitter.com/GCRWorldwide,114.0,2064.0,2018-04-15
93,Agrello,220204,1717,2016-02-11 12:43:33,887,14316.0,1841,https://twitter.com/AgrelloOfficial,286.0,725.0,2018-04-15
94,,727150,0,,,,,,,,2018-04-15
95,JET8 - Democratizing Influence,819799,225,2017-12-13 11:11:49,226,1931.0,139,https://twitter.com/jet8app,32.0,297.0,2018-04-15
96,BitShares Community,5039,1745,2014-01-21 21:06:10,153,13818.0,377,https://twitter.com/_bitshares,363.0,1006.0,2018-04-15
97,MBC Project,5386,118,2014-07-31 12:15:35,98,896.0,24,https://twitter.com/CryptoniteCoin,29.0,101.0,2018-04-15
98,BitCore,198983,1750,2017-04-26 07:12:57,4223,16011.0,169,https://twitter.com/bitcore_btx,147.0,2945.0,2018-04-15
99,"Patientory, Inc.",129035,2555,2015-11-07 04:40:13,1245,21194.0,1250,https://twitter.com/Patientory,435.0,1911.0,2018-04-15
100,Chronobank.io,33914,2401,2016-10-03 18:20:01,803,20341.0,0,https://twitter.com/ChronobankNews,367.0,864.0,2018-04-15
101,Bitmark,4403,298,2014-07-18 19:54:44,213,2423.0,134,https://twitter.com/ProjectBitmark,56.0,623.0,2018-04-15
102,BOTTOS AI,707507,541,2017-11-01 14:05:07,598,4847.0,660,https://twitter.com/bottos_ai,57.0,327.0,2018-04-15
103,PRO Commerce,71334,500,2017-01-02 11:12:51,7,4329.0,50,https://twitter.com/ProCommerceInfo,68.0,94.0,2018-04-15
104,SolarCoin,5349,1004,2013-12-13 18:28:25,781,6794.0,980,https://twitter.com/SolarCoin_SLR,324.0,1349.0,2018-04-15
105,ECC,685098,902,2017-05-17 01:26:19,748,8419.0,385,https://twitter.com/project_ecc,61.0,494.0,2018-04-15
106,Envion AG,383953,2293,2016-01-19 18:53:45,1230,21637.0,483,https://twitter.com/Envion_org,129.0,1604.0,2018-04-15
107,,61047,0,,,,,,,,2018-04-15
108,RMC,381323,118,2017-08-09 10:56:55,32,964.0,0,https://twitter.com/russianminerco,22.0,407.0,2018-04-15
109,Blocklancer,223246,1006,2017-06-16 14:14:42,184,9283.0,9,https://twitter.com/blocklancer,78.0,341.0,2018-04-15
110,ALQO,402782,641,2017-10-30 01:35:39,367,5588.0,174,https://twitter.com/ALQOCOIN,83.0,337.0,2018-04-15
111,Blocksafe Alliance (TRIG),27996,3656,2012-12-23 18:29:43,6388,27576.0,5167,https://twitter.com/blocksafe,889.0,10459.0,2018-04-15
112,ShipChain,830983,999,2017-09-19 23:37:16,2631,8757.0,262,https://twitter.com/ShipChain,124.0,708.0,2018-04-15
113,Boolberry,5343,102,2014-06-02 00:22:37,20,780.0,20,https://twitter.com/BoolberryBBR,24.0,45.0,2018-04-15
114,Bezop Network,811575,465,2017-11-09 21:59:19,11,4281.0,97,https://twitter.com/BezopNetwork,37.0,158.0,2018-04-15
115,PotCoin,4587,3711,2013-12-28 19:02:31,5105,31626.0,3122,https://twitter.com/PotCoin,545.0,4823.0,2018-04-15
116,FundYourselfNow,180820,921,2017-01-12 01:59:16,97,8386.0,207,https://twitter.com/fundyourselfnow,83.0,334.0,2018-04-15
117,flyp.me,464920,353,2017-06-05 23:35:08,2393,2965.0,371,https://twitter.com/flyp_me,56.0,1422.0,2018-04-15
118,(808)Blockchain,28223,351,2016-06-29 21:49:43,154,2623.0,29,https://twitter.com/808BassCoin,89.0,387.0,2018-04-15
119,LBTC,247246,150,2017-06-18 12:55:18,199,1332.0,26,https://twitter.com/Lite_Bitcoin,17.0,198.0,2018-04-15
120,Po.et,188811,3600,2017-03-16 20:33:28,278,31642.0,45,https://twitter.com/_poetproject,436.0,458.0,2018-04-15
121,POA Network,793845,1350,2017-04-18 20:26:09,372,11956.0,235,https://twitter.com/poanetwork,155.0,220.0,2018-04-15
122,ETHLend,418778,4881,2017-05-23 19:29:04,343,44171.0,2087,https://twitter.com/ethlend1,464.0,791.0,2018-04-15
123,Skincoin,198369,727,2017-05-14 13:24:14,96,6726.0,20,https://twitter.com/skincoin_org,55.0,221.0,2018-04-15
124,ÎžTHÎžROll,89572,341,2016-02-13 17:01:13,76,2120.0,1011,https://twitter.com/etheroll,129.0,185.0,2018-04-15
125,TenX,45260,15048,2015-12-17 15:21:58,1141,136194.0,62,https://twitter.com/tenxwallet,1428.0,1465.0,2018-04-15
126,Pakcoin Official,17006,223,2015-06-27 10:04:55,520,1908.0,204,https://twitter.com/pakcoinofficial,33.0,887.0,2018-04-15
127,Dentacoin,218906,1800,2016-11-27 19:09:35,125,16057.0,481,https://twitter.com/dentacoin,195.0,665.0,2018-04-15
128,DinastyCoin,181373,139,2016-09-21 15:01:54,50,1139.0,5,https://twitter.com/dinastycoin,26.0,54.0,2018-04-15
129,DECENT,25721,3576,2015-05-25 13:45:44,1183,29729.0,2575,https://twitter.com/DECENTplatform,603.0,1844.0,2018-04-15
130,à¸¿ryce Weiner,4630,3625,2013-11-18 12:23:08,32876,25618.0,1025,https://twitter.com/bryceweiner,1020.0,44324.0,2018-04-15
131,Decred,16713,4672,2014-02-17 20:35:08,2277,37737.0,0,https://twitter.com/decredproject,898.0,1109.0,2018-04-15
132,OmiseGO,187440,28741,2017-02-15 12:49:37,1117,262589.0,1514,https://twitter.com/omise_go,2483.0,513.0,2018-04-15
133,IHT official,831814,309,2017-08-30 07:23:39,66,2898.0,1207,https://twitter.com/ihtcoin,20.0,180.0,2018-04-15
134,Team Spectre,731943,752,2017-07-21 12:04:34,120,6704.0,218,https://twitter.com/SpectreAI,82.0,690.0,2018-04-15
135,INT,692839,776,2017-09-26 11:15:43,16,7137.0,41,https://twitter.com/INTCHAIN,63.0,157.0,2018-04-15
136,DMD Diamond,4431,1593,2010-04-08 16:02:39,548,13425.0,791,https://twitter.com/dmdcoin,251.0,721.0,2018-04-15
137,dmarket.io,192400,763,2017-07-04 12:24:17,122,6928.0,1105,https://twitter.com/dmarket_io,71.0,289.0,2018-04-15
138,ParetoNetwork,763768,682,2012-07-31 02:59:29,11,6119.0,58,https://twitter.com/ParetoNetwork,71.0,69.0,2018-04-15
139,Acoin Developers,4323,149,2014-08-31 20:20:14,61,1161.0,924,https://twitter.com/acointeam,33.0,417.0,2018-04-15
140,DigitalNote,5282,1408,2014-08-30 17:02:15,15,12398.0,811,https://twitter.com/DigitalNote_XDN,169.0,680.0,2018-04-15
141,Bunnycoin,769759,735,2014-01-26 01:53:14,296,6730.0,7383,https://twitter.com/Bunnycoin,62.0,447.0,2018-04-15
142,RIALTO.AI,179990,586,2017-05-06 17:46:48,163,4884.0,106,https://twitter.com/RialtoAI,98.0,240.0,2018-04-15
143,RevolverCoin,20823,143,2016-05-20 16:10:22,1,1191.0,17,https://twitter.com/RevolverCoin,24.0,50.0,2018-04-15
144,Ripple,5031,92096,2012-12-31 19:45:39,4552,855489.0,744,https://twitter.com/Ripple,6543.0,5963.0,2018-04-15
145,Olympus Labs,716659,3217,2017-09-28 18:33:12,188,31500.0,97,https://twitter.com/olympuslabsbc,67.0,272.0,2018-04-15
146,,255777,0,,,,,,,,2018-04-15
147,modum.io,345510,1625,2016-04-12 21:05:29,372,13682.0,178,https://twitter.com/modum_io,257.0,481.0,2018-04-15
148,Bytecoin Team,5280,1054,2015-03-27 13:50:26,105,8938.0,345,https://twitter.com/bytecoin_dev,161.0,401.0,2018-04-15
149,Komodo,26132,9599,2016-08-27 08:53:16,978,84776.0,41,https://twitter.com/komodoplatform,1120.0,2218.0,2018-04-15
150,,202330,0,,,,,,,,2018-04-15
151,EncryptoTel,62529,880,2016-02-12 07:51:45,313,7835.0,915,https://twitter.com/encryptotel,97.0,233.0,2018-04-15
152,Bitcoin Diamond,409492,3534,2017-11-07 07:46:09,1038,33874.0,262,https://twitter.com/BitcoinDiamond_,147.0,514.0,2018-04-15
153,Bitcoin Atom,767384,282,2017-12-03 18:43:41,24,2511.0,103,https://twitter.com/atombitcoin,31.0,107.0,2018-04-15
154,EthereumClassic,5324,2518,2016-03-04 00:16:28,80,21970.0,88,https://twitter.com/EthereumClassic,321.0,49.0,2018-04-15
155,Spells of Genesis,20315,885,2014-09-12 16:34:39,1485,6041.0,1042,https://twitter.com/spellsofgenesis,278.0,3025.0,2018-04-15
156,Ethereum Project,7605,73,2018-03-12 09:44:21,0,620.0,0,https://twitter.com/ethereumproject,11.0,0.0,2018-04-15
157,electroneum,361881,12422,2017-06-12 19:33:27,383,117723.0,201,https://twitter.com/electroneum,649.0,1001.0,2018-04-15
158,,33399,0,,,,,,,,2018-04-15
159,VeriCoin,5017,4666,2014-04-10 00:58:05,9512,39457.0,339,https://twitter.com/VeriCoin,717.0,4366.0,2018-04-15
160,Verium Reserve,28323,1410,2015-12-29 11:17:33,2086,11608.0,121,https://twitter.com/VeriumReserve,250.0,816.0,2018-04-15
161,Bitrewards,23734,312,2016-07-04 08:28:44,316,2804.0,2181,https://twitter.com/CryptoJacksCoin,32.0,703.0,2018-04-15
162,Coinlancer,659393,374,2017-09-25 16:30:03,217,3471.0,135,https://twitter.com/Coin_Lancer,27.0,206.0,2018-04-15
163,SIRIN LABS,380641,1516,2016-02-25 13:48:22,97,13253.0,313,https://twitter.com/SIRINLABS,191.0,331.0,2018-04-15
164,CryptoSpots,35813,23,2015-03-07 00:12:17,11,183.0,29,https://twitter.com/CryptoSpot,5.0,35.0,2018-04-15
165,carVertical,713925,1356,2017-10-24 14:42:42,30,12696.0,73,https://twitter.com/carVertical_com,87.0,151.0,2018-04-15
166,LiteDoge,5339,115,2015-04-03 18:56:07,36,750.0,125,https://twitter.com/LiteDoge,40.0,273.0,2018-04-15
167,Numerai,166594,1863,2015-12-13 11:00:54,1056,14404.0,1409,https://twitter.com/numerai,423.0,361.0,2018-04-15
168,I/O Coin,4540,1564,2014-07-15 18:22:10,315,11359.0,1855,https://twitter.com/IO_Coin,427.0,2156.0,2018-04-15
169,Tidex Exchange,788468,771,2017-01-30 10:43:15,104,6269.0,0,https://twitter.com/Tidex_Exchange,145.0,201.0,2018-04-15
170,Namecoin,4580,2471,2011-04-23 15:41:45,66,20802.0,95,https://twitter.com/Namecoin,391.0,710.0,2018-04-15
171,,36988,0,,,,,,,,2018-04-15
172,,6454,0,,,,,,,,2018-04-15
173,,653274,0,,,,,,,,2018-04-15
174,Civic,139467,9548,2016-01-05 00:40:32,934,84502.0,1065,https://twitter.com/civickey,1098.0,759.0,2018-04-15
175,Quantum Resistant,127667,1581,2017-03-10 15:49:01,477,12907.0,133,https://twitter.com/QRLedger,290.0,1847.0,2018-04-15
176,Banca_Official,757568,477,2018-01-11 07:04:28,1,4365.0,170,https://twitter.com/Banca_Official,41.0,72.0,2018-04-15
177,ArabianChain,57481,920,2017-01-16 16:11:07,609,8300.0,33,https://twitter.com/arabianchain,90.0,731.0,2018-04-15
178,Byteball,30736,1890,2016-09-07 09:08:39,91,14600.0,0,https://twitter.com/ByteballOrg,430.0,327.0,2018-04-15
179,Biocoin,484355,149,2017-08-25 14:57:46,2928,1202.0,410,https://twitter.com/biocoinproject,28.0,1147.0,2018-04-15
180,happycoin,62659,186,2017-04-07 21:56:46,1183,1572.0,1155,https://twitter.com/happycoin5,29.0,331.0,2018-04-15
181,HPB Blockchain,675053,898,2018-01-08 08:52:08,2,8265.0,12,https://twitter.com/HPB_Global,72.0,30.0,2018-04-15
182,Ardor Platform,30173,7932,2016-06-18 07:53:49,554,70475.0,94,https://twitter.com/ArdorPlatform,884.0,1252.0,2018-04-15
183,,5384,0,,,,,,,,2018-04-15
184,SpankChain,411496,1161,2017-06-29 22:49:28,5373,9827.0,2060,https://twitter.com/SpankChain,178.0,1525.0,2018-04-15
185,WDC Alliance D/A/CH,5020,11,2014-04-07 17:41:41,15,60.0,75,https://twitter.com/worldcoin_dach,5.0,147.0,2018-04-15
186,CannabisCoin (CANN),4407,2138,2014-04-03 02:52:28,4613,18198.0,3046,https://twitter.com/CannabisCoins,316.0,3007.0,2018-04-15
187,Dcorp,188523,424,2017-05-14 07:48:09,135,3507.0,428,https://twitter.com/DcorpVC,74.0,761.0,2018-04-15
188,Domraider,311829,1116,2014-04-28 09:17:11,3385,8135.0,327,https://twitter.com/domraider,301.0,2755.0,2018-04-15
189,DROXNE [DRXNE] Coin,384953,99,2017-09-13 22:11:55,53,841.0,437,https://twitter.com/DRXNEgaming,15.0,84.0,2018-04-15
190,Ravencoin,794350,834,2017-09-19 20:06:48,19,7646.0,4,https://twitter.com/ravencoin,70.0,80.0,2018-04-15
191,IoP Community,42596,1244,2015-09-27 22:20:09,915,9440.0,97,https://twitter.com/IoP_community,298.0,2058.0,2018-04-15
192,,21374,0,,,,,,,,2018-04-15
193,ionomy,20591,867,2016-02-09 18:31:06,70,7389.0,86,https://twitter.com/ionomics,129.0,388.0,2018-04-15
194,Unitus,5353,394,2014-12-21 04:42:20,436,3459.0,62,https://twitter.com/UnitusCoin,49.0,595.0,2018-04-15
195,Rivetz Corp,176280,1101,2014-02-16 20:58:37,1117,9551.0,1239,https://twitter.com/rivetzcorp,145.0,1024.0,2018-04-15
196,Trident Group,769862,2700,2017-11-23 00:11:21,12,26648.0,5,https://twitter.com/TrustTheTrident,36.0,191.0,2018-04-15
197,,195018,0,,,,,,,,2018-04-15
198,CargoX,745054,474,2017-10-02 21:27:31,292,4448.0,620,https://twitter.com/CargoXio,30.0,304.0,2018-04-15
199,stealthcoin,5032,7,2018-02-12 07:26:11,0,55.0,0,https://twitter.com/StealthCoin,2.0,1.0,2018-04-15
200,SHIELD (No ETH giveaways),419814,832,2017-09-12 11:30:39,658,7430.0,58,https://twitter.com/SHIELDcurrency,89.0,376.0,2018-04-15
201,Minexcoin,389849,1200,2016-08-05 15:43:32,487,10957.0,0,https://twitter.com/minexcoin,105.0,447.0,2018-04-15
202,Sociall (SCL),255254,645,2017-07-26 08:02:48,402,5732.0,157,https://twitter.com/sociall_io,72.0,322.0,2018-04-15
203,Neblio Team (not giving away crypto),222085,7608,2017-06-23 16:40:11,158,72622.0,814,https://twitter.com/NeblioTeam,346.0,150.0,2018-04-15
204,FundaciÃ³nPesetacoin,5317,430,2016-06-01 00:09:44,241,3544.0,4412,https://twitter.com/PesetacoinOfic,76.0,620.0,2018-04-15
205,,30536,0,,,,,,,,2018-04-15
206,Primalbase,84232,276,2017-03-03 10:17:58,272,2258.0,58,https://twitter.com/primalbasehq,51.0,339.0,2018-04-15
207,Melonport,45253,1901,2016-08-09 15:49:33,1321,14698.0,311,https://twitter.com/melonport,432.0,914.0,2018-04-15
208,Cappasity Inc.,306304,1038,2014-06-21 10:16:51,425,8620.0,263,https://twitter.com/cappasity,174.0,2118.0,2018-04-15
209,The Clam Client,4416,1112,2014-05-09 02:32:36,9,9730.0,319,https://twitter.com/ClamClient,139.0,777.0,2018-04-15
210,RChain Cooperative,434666,1172,2016-12-22 02:35:27,170,9239.0,81,https://twitter.com/rchain_coop,248.0,1027.0,2018-04-15
211,Publica,402980,943,2017-08-07 14:23:45,266,8843.0,595,https://twitter.com/PublicaIO,59.0,566.0,2018-04-15
212,Substratum,221463,7261,2017-07-22 16:15:22,4824,66067.0,17,https://twitter.com/SubstratumNet,654.0,1229.0,2018-04-15
213,Game_Credits,20157,16,2017-08-17 12:12:18,1,132.0,0,https://twitter.com/Game_Credits,3.0,16.0,2018-04-15
214,Alphacat,801364,470,2017-12-26 03:28:06,48,4454.0,8,https://twitter.com/Alphacat_io,25.0,152.0,2018-04-15
215,Suretly,177462,153,2017-05-04 19:26:57,8,1268.0,1,https://twitter.com/suretly_com,27.0,162.0,2018-04-15
216,CalebWalker,5298,115,2014-05-06 16:32:53,13,860.0,209,https://twitter.com/TEKcoins,29.0,244.0,2018-04-15
217,Telcoin,683827,2527,2017-08-15 06:49:28,349,23387.0,598,https://twitter.com/telcoin_team,189.0,212.0,2018-04-15
218,adChain,188858,796,2017-01-10 20:03:47,228,6318.0,196,https://twitter.com/ad_chain,165.0,353.0,2018-04-15
219,eBoost,368732,1461,2014-06-16 20:53:13,401,13114.0,1273,https://twitter.com/eBoostCoin,150.0,638.0,2018-04-15
220,ADZbuzz,20656,337,2015-07-23 11:19:50,4,3102.0,617,https://twitter.com/ADZbuzz,27.0,256.0,2018-04-15
221,AdEx,170452,6110,2017-05-31 13:27:59,1183,54212.0,214,https://twitter.com/AdEx_Network,689.0,427.0,2018-04-15
222,My Hush,33460,572,2017-04-07 03:27:40,164,4959.0,46,https://twitter.com/MyHushTeam,77.0,202.0,2018-04-15
223,district0x,177175,6344,2017-05-18 14:33:43,762,56234.0,96,https://twitter.com/district0x,721.0,348.0,2018-04-15
224,adbank,468052,485,2017-10-13 19:02:43,811,4354.0,35,https://twitter.com/adbanknetwork,50.0,673.0,2018-04-15
225,Aurovine,6108,281,2012-02-04 16:14:48,2135,2217.0,2025,https://twitter.com/Aurovine,55.0,5574.0,2018-04-15
226,Denarius [DNR],182288,1694,2017-06-15 16:25:17,926,16344.0,2720,https://twitter.com/denariuscoin,60.0,265.0,2018-04-15
227,Copico,597029,179,2017-09-18 07:50:40,120,1552.0,92,https://twitter.com/teamcopico,24.0,389.0,2018-04-15
228,Mercury Protocol,388042,658,2017-08-03 21:01:16,326,5394.0,108,https://twitter.com/MercuryProtocol,119.0,380.0,2018-04-15
229,elastic-project,178861,1357,2016-12-28 04:48:46,12,10993.0,0,https://twitter.com/elastic_coin,258.0,69.0,2018-04-15
230,NEM,5285,22083,2014-01-27 13:40:09,707,198938.0,897,https://twitter.com/NEMofficial,2188.0,2702.0,2018-04-15
231,KZ Cash,675995,895,2017-10-09 14:40:00,125,8864.0,81,https://twitter.com/cash_kz,9.0,532.0,2018-04-15
232,Breakout Gaming,20892,526,2014-07-08 08:03:00,1350,3824.0,1510,https://twitter.com/BreakoutGaming,142.0,2376.0,2018-04-15
233,Bread Token,543502,714,2017-09-29 08:16:11,6,6323.0,1,https://twitter.com/breadtoken,82.0,169.0,2018-04-15
234,GB Exchange,801429,578,2017-10-17 10:16:26,501,5198.0,59,https://twitter.com/GibBlockEx,59.0,390.0,2018-04-15
235,LaLa World,831848,1065,2017-09-15 06:16:00,521,9883.0,410,https://twitter.com/MyLaLaWorld,77.0,621.0,2018-04-15
236,Royal Kingdom Coin,194924,182,2017-06-07 20:34:40,246,1534.0,106,https://twitter.com/RKC_ICO,29.0,159.0,2018-04-15
237,Ethereum Dark,310754,963,2017-08-08 18:10:51,388,8904.0,740,https://twitter.com/ethereum_dark,73.0,218.0,2018-04-15
238,Vsync,325279,446,2017-04-02 10:19:41,435,4034.0,39,https://twitter.com/VsyncCrypto,43.0,553.0,2018-04-15
239,Soarcoin (SOAR),388145,477,2017-06-14 09:16:53,195,4431.0,211,https://twitter.com/soarcoin,34.0,113.0,2018-04-15
240,Divi Project (not giving away eth),431413,567,2017-07-07 22:24:05,956,5280.0,149,https://twitter.com/DiviProject,39.0,467.0,2018-04-15
241,EOS,166503,15084,2017-05-11 14:27:36,112,134553.0,53,https://twitter.com/eos_io,1629.0,824.0,2018-04-15
242,Blitzcash,15879,784,2014-11-05 19:01:11,266,5284.0,1922,https://twitter.com/bitalize,255.0,1142.0,2018-04-15
243,EXRNchain,710098,305,2017-10-20 00:42:45,115,2919.0,12,https://twitter.com/EXRNtoken,14.0,122.0,2018-04-15
244,SingularDTV,24926,3104,2016-05-28 15:55:08,2759,24977.0,949,https://twitter.com/SingularDTV,606.0,1614.0,2018-04-15
245,Minereum,84831,254,2017-04-14 10:01:26,15,2122.0,3,https://twitter.com/minereumtoken,42.0,74.0,2018-04-15
246,Wild Crypto,339533,758,2017-07-21 17:26:41,803,7194.0,3856,https://twitter.com/WildCrypto,39.0,797.0,2018-04-15
247,CometCoin,22354,103,2016-05-21 20:24:23,36,730.0,450,https://twitter.com/cometcoin,28.0,2946.0,2018-04-15
248,,597540,0,,,,,,,,2018-04-15
249,Waves Platform,20131,13622,2016-03-09 10:38:13,2302,118298.0,2,https://twitter.com/wavesplatform,1791.0,2317.0,2018-04-15
250,Desire_crypto,423297,215,2017-09-25 08:30:07,10,1907.0,55,https://twitter.com/DesireCoin,25.0,177.0,2018-04-15
251,Dcorp,763535,424,2017-05-14 07:48:09,135,3507.0,428,https://twitter.com/DcorpVC,74.0,761.0,2018-04-15
252,Wagerr,178467,1860,2016-10-19 06:04:32,340,17016.0,1012,https://twitter.com/wagerrx,159.0,394.0,2018-04-15
253,Innova Coin,374211,618,2017-10-26 16:19:19,7,5693.0,14,https://twitter.com/InnovaCoin,49.0,49.0,2018-04-15
254,Ink Labs Foundation,674918,578,2017-10-03 20:37:18,3,5341.0,8,https://twitter.com/inklabsfound,44.0,144.0,2018-04-15
255,Indorse,185953,966,2017-05-08 06:10:00,286,8408.0,233,https://twitter.com/joinindorse,126.0,612.0,2018-04-15
256,Netko,53174,168,2017-02-26 18:42:14,45,1305.0,340,https://twitter.com/NetkoCoin,38.0,57.0,2018-04-15
257,GoldCoin,4528,437,2008-05-28 04:21:47,2636,3092.0,87,https://twitter.com/goldcoin,126.0,2494.0,2018-04-15
258,COSS.IO,186335,2008,2017-04-19 09:14:37,268,17502.0,3542,https://twitter.com/cosscrypto,258.0,753.0,2018-04-15
259,GlobalToken,449614,132,2017-03-13 21:03:30,329,1096.0,152,https://twitter.com/GlobalTokenCoin,23.0,260.0,2018-04-15
260,Dotcoin,20339,100,2014-04-01 03:30:03,9,839.0,8,https://twitter.com/dotcoinnz,17.0,145.0,2018-04-15
261,sether,419209,1239,2017-11-09 16:38:49,74,11392.0,79,https://twitter.com/setherplatform,100.0,268.0,2018-04-15
262,BitSend - Masternode,22329,1073,2016-01-31 19:30:53,1271,8847.0,1290,https://twitter.com/Bit_send,188.0,1322.0,2018-04-15
263,Ellaism,384651,27,2017-09-14 03:10:18,7,234.0,1,https://twitter.com/ellaismproject,4.0,55.0,2018-04-15
264,auroracoin,4333,480,2014-01-21 10:17:29,132,3569.0,1128,https://twitter.com/auroracoinIS,124.0,709.0,2018-04-15
265,Tao Blockchain,744880,342,2014-03-14 04:46:20,220,1702.0,319,https://twitter.com/taoblockchain,171.0,1548.0,2018-04-15
266,BlockCAT,194567,959,2017-05-14 01:33:58,538,7860.0,84,https://twitter.com/blockcatio,173.0,752.0,2018-04-15
267,,23728,0,,,,,,,,2018-04-15
268,PutinCoin,23737,6931,2017-02-03 18:32:20,2,68989.0,58,https://twitter.com/PutinCoinPUT,33.0,163.0,2018-04-15
269,Galactrum,645766,104,2017-12-12 22:53:30,12,937.0,707,https://twitter.com/galactrum,11.0,58.0,2018-04-15
270,BasicAttentionToken,107672,8680,2017-03-13 23:02:27,814,75181.0,104,https://twitter.com/attentiontoken,1162.0,459.0,2018-04-15
271,BitAsean,586638,80,2017-05-09 15:43:21,7,617.0,16,https://twitter.com/BitAseanTeam,19.0,46.0,2018-04-15
272,Omni,22441,2331,2013-09-04 19:15:58,670,18718.0,1253,https://twitter.com/Omni_layer,459.0,1797.0,2018-04-15
273,,20202,0,,,,,,,,2018-04-15
274,Eryllium,42694,94,2016-11-27 00:01:22,1,713.0,65,https://twitter.com/eryllium,23.0,39.0,2018-04-15
275,BABB,784595,749,2017-09-06 17:16:32,468,6743.0,662,https://twitter.com/getbabb,74.0,1017.0,2018-04-15
276,Bitcoin Addiction,5300,95,2014-11-05 12:18:02,197,772.0,235,https://twitter.com/BitBayMarket,18.0,237.0,2018-04-15
277,,56682,0,,,,,,,,2018-04-15
278,,659488,0,,,,,,,,2018-04-15
279,EROSCOIN,439579,233,2017-06-05 13:49:26,94,2139.0,60,https://twitter.com/ErosCoinNews,20.0,97.0,2018-04-15
280,Restart Energy Democracy,770254,1136,2017-11-03 13:21:47,219,10867.0,197,https://twitter.com/RestartEnergyio,50.0,163.0,2018-04-15
281,,218107,0,,,,,,,,2018-04-15
282,Hackspace Capital,321347,767,2017-07-14 07:56:59,12,7538.0,7,https://twitter.com/hackspacecap,14.0,130.0,2018-04-15
283,Steneum Coin,692879,327,2017-11-15 07:25:01,1,3119.0,56,https://twitter.com/steneumcoin,16.0,53.0,2018-04-15
284,EquiTrader,105263,610,2017-03-30 16:44:01,512,5186.0,156,https://twitter.com/Equi_Trader,92.0,172.0,2018-04-15
285,NeosCoin,5370,3182,2014-08-11 09:05:34,442,28843.0,48,https://twitter.com/NeosCoin,296.0,2185.0,2018-04-15
286,Storiqa,777187,1009,2017-08-03 10:12:23,17,9394.0,27,https://twitter.com/storiqa,70.0,206.0,2018-04-15
287,STOX,204716,1496,2017-07-08 19:48:13,1403,12988.0,92,https://twitter.com/stx_coin,198.0,508.0,2018-04-15
288,True Flip [TFL],150545,427,2017-03-09 10:09:41,150,3700.0,36,https://twitter.com/TrueFlipLoto ,57.0,173.0,2018-04-15
289,TE-FOOD,784553,900,2017-09-15 10:26:20,42,8243.0,111,https://twitter.com/TE_FOOD,76.0,280.0,2018-04-15
290,Qlink,637681,2155,2017-10-11 07:14:12,83,19507.0,68,https://twitter.com/QlinkMobi,205.0,352.0,2018-04-15
291,Not Binance,204788,19,2018-01-31 20:50:04,0,182.0,0,https://twitter.com/binance_2017,1.0,1.0,2018-04-15
292,TokenStars,294364,466,2017-07-18 09:13:40,311,4139.0,522,https://twitter.com/TokenStars,53.0,496.0,2018-04-15
293,OnixCoin,201676,507,2017-04-27 14:13:20,311,4455.0,284,https://twitter.com/onix_coin,61.0,1266.0,2018-04-15
294,Waltonchain,299397,5762,2017-09-01 01:47:27,260,51514.0,29,https://twitter.com/waltonchain,611.0,232.0,2018-04-15
295,,37361,0,,,,,,,,2018-04-15
296,Xaurum,25082,185,2015-01-11 20:17:08,867,1538.0,577,https://twitter.com/urumproject,32.0,179.0,2018-04-15
297,,59317,0,,,,,,,,2018-04-15
298,Brandon Alexander,33129,3,2010-10-15 07:52:14,2,11.0,30,https://twitter.com/LuckChain ,2.0,132.0,2018-04-15
299,,20270,0,,,,,,,,2018-04-15
300,MyWish,411620,434,2017-07-18 22:14:30,59,3861.0,4,https://twitter.com/mywishplatform,48.0,226.0,2018-04-15
301,KICKICO.COM,202849,1228,2017-06-08 15:21:30,758,10863.0,546,https://twitter.com/KICKICOplatform,142.0,874.0,2018-04-15
302,Colossuscoin,20903,528,2013-09-13 21:32:03,187,4460.0,3151,https://twitter.com/colossuscoin,82.0,484.0,2018-04-15
303,,718975,0,,,,,,,,2018-04-15
304,,20920,0,,,,,,,,2018-04-15
305,Ink Protocol,794362,504,2017-09-14 23:45:53,200,4484.0,36,https://twitter.com/PayWithInk,56.0,117.0,2018-04-15
306,Waves Platform,43042,13622,2016-03-09 10:38:13,2302,118309.0,2,https://twitter.com/wavesplatform,1790.0,2317.0,2018-04-15
307,Monoeci (MonacoCoin project),222133,1019,2017-08-11 06:31:58,356,9610.0,1221,https://twitter.com/monoeci_monaco,58.0,514.0,2018-04-15
308,,795662,0,,,,,,,,2018-04-15
309,,242873,0,,,,,,,,2018-04-15
310,Enigma Project,338335,6413,2015-06-01 02:47:03,137,56170.0,33,https://twitter.com/EnigmaMPC,796.0,622.0,2018-04-15
311,Enjin,283116,41,2017-11-17 18:41:10,2,262.0,1,https://twitter.com/enjincs,15.0,1.0,2018-04-15
312,LeafCoin,789144,115,2014-01-25 10:46:35,27,887.0,98,https://twitter.com/leafcoin,27.0,186.0,2018-04-15
313,iEthereum,667344,267,2017-10-13 14:39:58,3,2519.0,0,https://twitter.com/iethereum,16.0,20.0,2018-04-15
314,ATBCoin,175618,344,2017-04-24 12:53:56,0,2893.0,130,https://twitter.com/atbcoincom,55.0,337.0,2018-04-15
315,AIDOC,684818,184,2017-12-11 09:25:48,39,1670.0,5,https://twitter.com/AIDOCMe,17.0,93.0,2018-04-15
316,ATLANT.io Platform,235213,492,2017-07-06 08:22:40,12,4022.0,56,https://twitter.com/atlantio,90.0,145.0,2018-04-15
317,ATMChainDev,368694,152,2017-09-28 08:46:42,8,1127.0,163,https://twitter.com/ATMChainDev,40.0,137.0,2018-04-15
318,CryptoCarbon (CCRB),35818,666,2017-05-17 17:17:21,18,6365.0,121,https://twitter.com/CryptoCarbon,30.0,470.0,2018-04-15
319,Authorship,345017,1238,2017-08-11 12:30:52,89,11911.0,10,https://twitter.com/authorship_com,47.0,184.0,2018-04-15
320,Duality Solutions,131112,660,2017-03-08 13:33:55,103,5595.0,105,https://twitter.com/dualitychain,101.0,145.0,2018-04-15
321,SmartCash,199901,1340,2017-03-07 19:04:13,441,11392.0,50,https://twitter.com/scashofficial,201.0,445.0,2018-04-15
322,FARAD Cryptoken,409128,375,2017-07-13 06:42:49,26,3442.0,48,https://twitter.com/FARADCryptoken,31.0,328.0,2018-04-15
323,Impactcoin,58121,1,2017-04-02 17:27:03,0,4.0,2,https://twitter.com/Impact_coin,1.0,0.0,2018-04-15
324,copper lark,4418,11,2013-04-22 12:31:23,0,69.0,112,https://twitter.com/copperlark,5.0,19.0,2018-04-15
325,Zcash Company,24854,8050,2015-12-22 20:22:04,979,65459.0,0,https://twitter.com/zcashco,1504.0,1310.0,2018-04-15
326,BANKEX,241757,870,2017-07-08 12:55:05,398,7697.0,192,https://twitter.com/BankExProtocol,101.0,645.0,2018-04-15
327,ZenCashOfficial,116180,2270,2017-06-11 16:13:39,1386,19680.0,1298,https://twitter.com/ZenCashOfficial,300.0,2004.0,2018-04-15
328,,51845,0,,,,,,,,2018-04-15
329,Zetacoin (ZET),4347,626,2013-11-30 20:53:50,540,5912.0,624,https://twitter.com/zetacoins,35.0,269.0,2018-04-15
330,Influxcoin,20446,224,2016-12-30 02:26:09,0,1650.0,12,https://twitter.com/Infxcoin,59.0,5.0,2018-04-15
331,Swarm Fund,755563,858,2014-05-17 01:05:04,860,6139.0,1523,https://twitter.com/TheSwarmFund,245.0,377.0,2018-04-15
332,"SHIFT ""Not Giving Away Free Crypto"" Project",38307,1504,2016-02-15 13:32:24,72,12396.0,139,https://twitter.com/ShiftNrg,265.0,363.0,2018-04-15
333,BLOCKPOOL,384729,237,2017-02-03 13:08:46,179,2069.0,223,https://twitter.com/BLOCKPOOLIO,31.0,524.0,2018-04-15
334,Blockport,715749,1433,2017-08-20 12:33:27,261,13764.0,1871,https://twitter.com/BlockportNL,57.0,110.0,2018-04-15
335,EncrypGen,180804,530,2017-04-24 21:57:08,6674,4243.0,2466,https://twitter.com/encrypgen,105.0,1741.0,2018-04-15
336,,50741,0,,,,,,,,2018-04-15
337,DigitalPrice,182325,45,2017-04-29 10:38:10,0,420.0,16,https://twitter.com/digitalprice_,3.0,28.0,2018-04-15
338,Crypto Escudo,6104,133,2014-03-12 14:59:59,103,823.0,279,https://twitter.com/cryptoescudo,49.0,2191.0,2018-04-15
339,Target Coin,472769,208,2017-06-12 04:11:48,155,1626.0,107,https://twitter.com/TargetCoin,46.0,643.0,2018-04-15
340,PIVX,42433,6955,2015-10-26 03:38:52,1886,61096.0,1071,https://twitter.com/_pivx,844.0,2040.0,2018-04-15
341,Quantum Project,170958,1014,2017-03-13 21:44:23,159,9600.0,97,https://twitter.com/QAUProject,54.0,192.0,2018-04-15
342,Cardano Community,321992,12106,2017-01-30 04:16:01,389,112349.0,29,https://twitter.com/cardanocom,872.0,990.0,2018-04-15
343,H.cash,318199,464,2017-06-20 08:20:49,36,3908.0,49,https://twitter.com/Mkt_Hcash,74.0,194.0,2018-04-15
344,Horizon State,374246,1166,2017-07-26 01:36:21,322,9919.0,5,https://twitter.com/horizonstate,175.0,510.0,2018-04-15
345,riecoin,4352,296,2013-09-01 21:58:50,55,2290.0,9,https://twitter.com/riecoin,67.0,44.0,2018-04-15
346,PascalCoin $PASC,40811,1055,2016-07-13 15:37:04,291,8807.0,131,https://twitter.com/PascalCoin,175.0,511.0,2018-04-15
347,,50754,0,,,,,,,,2018-04-15
348,Kyber Network,310497,8422,2017-05-20 16:14:33,974,75520.0,372,https://twitter.com/KyberNetwork,870.0,974.0,2018-04-15
349,Infinity Economics,372654,232,2017-05-28 15:39:57,25,2185.0,1,https://twitter.com/XIN_Foundation,14.0,59.0,2018-04-15
350,Rita Urbach,22327,113,2017-08-28 08:05:41,311,709.0,154,https://twitter.com/bancornetwork,43.0,41.0,2018-04-15
351,EQUAL,777667,1719,2017-11-20 04:34:47,25,16624.0,45,https://twitter.com/EqualToken,57.0,130.0,2018-04-15
352,Hawala.Today,563196,731,2017-10-11 19:41:46,171,6686.0,0,https://twitter.com/hawalatoday,63.0,337.0,2018-04-15
353,Havven,816635,1171,2017-08-19 11:51:46,93,10665.0,35,https://twitter.com/havven_io,105.0,220.0,2018-04-15
354,ZEITCOIN,20908,871,2014-02-11 23:58:45,128,8087.0,1155,https://twitter.com/Zeitcoin,63.0,997.0,2018-04-15
355,Breakout Gaming,299415,526,2014-07-08 08:03:00,1350,3824.0,1510,https://twitter.com/BreakoutGaming,142.0,2376.0,2018-04-15
356,Yee,719272,819,2017-12-27 05:43:20,2063,8043.0,1,https://twitter.com/YeeToken,15.0,112.0,2018-04-15
357,Syscoin,4618,7941,2010-03-02 15:09:38,1242,68406.0,5620,https://twitter.com/syscoin,1097.0,4592.0,2018-04-15
358,Emercoin,15876,385,2017-08-29 06:39:11,112,2816.0,10,https://twitter.com/emercoin_press,104.0,92.0,2018-04-15
359,Lorenzo Wright,21239,6,2017-08-14 04:17:50,0,45.0,99,https://twitter.com/BelaCoin,2.0,10.0,2018-04-15
360,,8762,0,,,,,,,,2018-04-15
361,LeadCoin Network,851001,128,2017-11-22 13:54:33,16,1146.0,620,https://twitter.com/LeadCoinNetwork,10.0,4025.0,2018-04-15
362,,453647,0,,,,,,,,2018-04-15
363,Force ðŸš€,661719,107,2017-11-09 22:56:06,443,902.0,74,https://twitter.com/forcecoinunited,17.0,156.0,2018-04-15
364,Internxt,344988,787,2017-07-01 21:34:05,1405,7234.0,1,https://twitter.com/internxt_io,64.0,598.0,2018-04-15
365,Flixxo,408849,711,2016-08-20 15:41:04,23,6062.0,945,https://twitter.com/flixxo,105.0,273.0,2018-04-15
366,Covesting,338426,1128,2017-09-05 00:13:02,27,10217.0,29,https://twitter.com/covesting,107.0,231.0,2018-04-15
367,,28081,0,,,,,,,,2018-04-15
368,COBINHOOD,234811,4287,2017-08-09 10:31:50,740,39181.0,397,https://twitter.com/cobinhood,369.0,825.0,2018-04-15
369,The Cypherfunks,789115,175,2014-01-26 20:23:04,66,1338.0,1905,https://twitter.com/thecypherfunks,42.0,490.0,2018-04-15
370,FairCoinTeam,5313,692,2014-05-09 07:46:32,27,5375.0,91,https://twitter.com/FairCoinTeam,155.0,247.0,2018-04-15
371,Dimecoin,21365,778,2017-08-07 16:18:09,424,7110.0,20,https://twitter.com/Dimecoin_,67.0,195.0,2018-04-15
372,WAX,338541,53,2017-12-06 21:08:17,0,418.0,0,https://twitter.com/WAXToken,12.0,1.0,2018-04-15
373,SynergyCoin,8825,229,2014-10-28 03:21:04,41,1722.0,890,https://twitter.com/SynergyCoin,57.0,226.0,2018-04-15
374,UFO,5355,858,2014-02-10 16:59:06,337,7708.0,155,https://twitter.com/UFOCoins,88.0,876.0,2018-04-15
375,Rupee Blockchain,345801,510,2017-05-06 08:05:19,1137,4623.0,243,https://twitter.com/RupeeBlockchain,48.0,740.0,2018-04-15
376,ALIS,331603,1874,2017-06-14 12:56:12,4535,16213.0,430,https://twitter.com/ALIS_media,250.0,3638.0,2018-04-15
377,DIMCOIN,180678,3216,2017-05-30 12:29:52,196,31580.0,192,https://twitter.com/DIMCOIN_,57.0,1448.0,2018-04-15
378,Aigang,187030,939,2017-06-08 12:48:19,94,7928.0,2119,https://twitter.com/aigangnetwork,146.0,1560.0,2018-04-15
379,golem,33022,14788,2015-10-27 14:23:54,3375,130452.0,175,https://twitter.com/golemproject,1742.0,1327.0,2018-04-15
380,GenaroNetwork GNX,619375,833,2017-07-13 09:50:39,630,7795.0,4732,https://twitter.com/GenaroNetwork,54.0,584.0,2018-04-15
381,AirToken (AIR),338555,637,2017-08-01 22:46:33,197,5188.0,205,https://twitter.com/airtoken,119.0,347.0,2018-04-15
382,,41192,0,,,,,,,,2018-04-15
383,AidCoin,368770,320,2017-10-23 09:40:15,11,2775.0,82,https://twitter.com/aid_coin,43.0,121.0,2018-04-15
384,Gnosis,66193,7427,2015-08-26 16:41:48,600,65015.0,20,https://twitter.com/gnosisPM,926.0,574.0,2018-04-15
385,VIBEHub.io,336538,2350,2016-01-21 06:58:28,255,21318.0,2932,https://twitter.com/VibeHubVR,219.0,380.0,2018-04-15
386,Tadzio Pawlak,20718,25,2018-02-23 00:40:25,0,238.0,84,https://twitter.com/vaperscoin,2.0,52.0,2018-04-15
387,Obits,15323,1103,2015-11-11 11:30:42,931,4062.0,1324,https://twitter.com/Open_Bits,692.0,5449.0,2018-04-15
388,EthereumCash,355117,391,2017-10-09 20:35:32,0,3661.0,0,https://twitter.com/EthereumCash_,25.0,23.0,2018-04-15
389,NuBits,5295,2759,2014-03-22 18:21:58,1134,25787.0,1008,https://twitter.com/OfficialNuBits,180.0,1625.0,2018-04-15
390,IrishCoin,660438,269,2014-02-12 17:14:13,949,1723.0,1581,https://twitter.com/IrishCoin,96.0,1017.0,2018-04-15
391,Ruff Chain,744910,583,2018-01-15 05:09:18,3,5640.0,8,https://twitter.com/Ruff_Chain,19.0,63.0,2018-04-15
392,vergecurrency,4433,29882,2016-01-19 03:47:04,5156,280797.0,764,https://twitter.com/vergecurrency,1801.0,2186.0,2018-04-15
393,,718435,0,,,,,,,,2018-04-15
394,BOScoin,116384,679,2016-12-26 09:33:00,100,5823.0,776,https://twitter.com/boscoinio,97.0,260.0,2018-04-15
395,HomeBlockCoin,589829,4443,2017-10-21 11:05:48,2,43957.0,5,https://twitter.com/HomeBlockCoin,48.0,225.0,2018-04-15
396,Nebulas.io,619555,2404,2017-05-31 17:01:51,103,20835.0,35,https://twitter.com/nebulasio,321.0,306.0,2018-04-15
397,NavCoin,4571,5648,2014-05-29 15:33:05,987,48847.0,573,https://twitter.com/NavCoin,763.0,1325.0,2018-04-15
398,,21869,0,,,,,,,,2018-04-15
399,hubii network,247391,531,2017-06-14 09:29:18,369,4629.0,706,https://twitter.com/hubiinetwork,69.0,646.0,2018-04-15
400,Sexcoin Team,4348,551,2014-01-15 10:20:27,636,4318.0,65,https://twitter.com/SexcoinTeam,113.0,7165.0,2018-04-15
401,Lympo.io,767260,531,2017-11-24 10:07:01,27,4787.0,2,https://twitter.com/Lympo_io,53.0,294.0,2018-04-15
402,Spectreproject,42598,948,2016-10-31 09:46:30,81,6900.0,465,https://twitter.com/SpectreCash,252.0,6458.0,2018-04-15
403,2GIVE,20910,532,2014-03-04 04:34:47,229,4410.0,184,https://twitter.com/2GiveCoin,91.0,312.0,2018-04-15
404,GXS,659770,1279,2016-08-22 08:50:49,302,10773.0,285,https://twitter.com/gongxinbao,202.0,461.0,2018-04-15
405,Bitcoin Planet,182346,191,2017-06-17 12:39:38,4,1687.0,104,https://twitter.com/bitcoin_planet_,23.0,68.0,2018-04-15
406,Lykke-deactivated,130939,827,2015-09-22 19:13:59,1060,5746.0,585,https://twitter.com/LykkeCity,252.0,1592.0,2018-04-15
407,FlashCoin,326222,510,2016-01-21 19:22:35,9827,3449.0,30,https://twitter.com/FlashCoins,163.0,3952.0,2018-04-15
408,Florincoin,5325,1086,2014-01-27 20:03:58,392,8785.0,1531,https://twitter.com/Official_Florin,207.0,1509.0,2018-04-15
409,Espers Coin,130951,576,2017-12-02 13:44:22,99,5416.0,478,https://twitter.com/EspersCoin,35.0,183.0,2018-04-15
410,Qvolta,205980,422,2017-07-10 16:13:22,99,3737.0,120,https://twitter.com/Qvolta_platform,49.0,349.0,2018-04-15
411,Aion Network,431235,4681,2017-06-29 13:52:50,808,41998.0,1124,https://twitter.com/Aion_Network,482.0,556.0,2018-04-15
412,PayCon,12985,12,2015-02-26 10:30:44,23,83.0,26,https://twitter.com/PayConX13,4.0,55.0,2018-04-15
413,,5341,0,,,,,,,,2018-04-15
414,Truckcoin Official,5351,99,2014-07-29 20:47:47,11,851.0,557,https://twitter.com/truckcoin_v2,14.0,38.0,2018-04-15
415,Terracoin,4626,200,2016-02-19 17:37:51,288,1487.0,48,https://twitter.com/terracoin_TRC,52.0,414.0,2018-04-15
416,Travelflexcoin,777368,511,2017-10-03 04:46:24,308,4734.0,29,https://twitter.com/travelflexcoin,38.0,306.0,2018-04-15
417,Tether,171986,2868,2014-11-07 21:02:30,126,23459.0,384,https://twitter.com/Tether_to,523.0,267.0,2018-04-15
418,Tron Foundation,310829,29992,2017-08-06 16:20:28,230,283673.0,140,https://twitter.com/tronfoundation,1625.0,430.0,2018-04-15
419,Kobocoin,3642,339,2014-12-21 04:27:29,9,2200.0,2229,https://twitter.com/kobocoindev,94.0,25599.0,2018-04-15
420,KUCOIN,348628,24661,2017-09-19 11:56:18,434,230646.0,58,https://twitter.com/kucoincom,1596.0,1443.0,2018-04-15
421,QUOINE Singapore,402714,2201,2015-02-17 09:15:40,689,18506.0,710,https://twitter.com/QUOINE_SG,350.0,1164.0,2018-04-15
422,MOJOv3,21232,41,2017-09-18 07:27:46,17,288.0,32,https://twitter.com/Mojodevs,13.0,35.0,2018-04-15
423,,35226,0,,,,,,,,2018-04-15
424,macroncoin,67430,10,2018-03-31 08:40:49,0,102.0,0,https://twitter.com/macroncoin_mcrn,0.0,1.0,2018-04-15
425,ObsidianPlatform,319075,948,2017-06-09 02:36:30,455,8561.0,300,https://twitter.com/ObsidianCrypto,92.0,165.0,2018-04-15
426,ICObox,207775,559,2014-08-13 22:35:42,949,4821.0,104,https://twitter.com/icobox_io,76.0,1325.0,2018-04-15
427,,4439,0,,,,,,,,2018-04-15
428,Ã¦lf,571314,8414,2017-09-01 10:31:19,107,78510.0,87,https://twitter.com/aelfblockchain,563.0,268.0,2018-04-15
429,Reddcoin,4592,10273,2014-01-06 16:40:33,1039,96261.0,222,https://twitter.com/reddcoin,640.0,7292.0,2018-04-15
430,,6098,0,,,,,,,,2018-04-15
431,aeon,20730,1002,2014-06-06 18:23:00,349,8332.0,811,https://twitter.com/AeonCoin,168.0,1523.0,2018-04-15
432,ICOO.io,199363,664,2016-05-17 11:36:08,146,2607.0,1099,https://twitter.com/icoo_io,402.0,2572.0,2018-04-15
433,,8694,0,,,,,,,,2018-04-15
434,LEOcoin,33001,592,2014-08-18 06:03:23,210,4454.0,924,https://twitter.com/LEOcoinORG,145.0,2392.0,2018-04-15
435,LEVERJ.IO,332804,511,2017-07-28 01:30:39,186,4549.0,2205,https://twitter.com/Leverj_io,57.0,186.0,2018-04-15
436,DeepOnion,198967,4850,2017-06-20 19:42:55,392,46706.0,141,https://twitter.com/deeponionx,179.0,1446.0,2018-04-15
437,,240142,0,,,,,,,,2018-04-15
438,,70352,0,,,,,,,,2018-04-15
439,WhiteCoin,20338,1615,2014-04-14 01:29:11,328,14482.0,303,https://twitter.com/whitecoiner,167.0,658.0,2018-04-15
440,SugarExchange,661777,1231,2017-11-03 00:50:09,16,11905.0,181,https://twitter.com/Sugar_Exchange,41.0,41.0,2018-04-15
441,Aurora (IDEX),708404,1643,2017-07-14 19:41:27,131,14358.0,29,https://twitter.com/Aurora_dao,208.0,733.0,2018-04-15
442,Phoenixcoin,4590,1057,2013-10-05 14:09:58,0,9809.0,12,https://twitter.com/Phoenixcoin,77.0,57.0,2018-04-15
443,Bounty0x,543363,1492,2017-09-12 10:32:32,442,13635.0,102,https://twitter.com/bounty0x,129.0,309.0,2018-04-15
444,,70365,0,,,,,,,,2018-04-15
445,,25921,0,,,,,,,,2018-04-15
446,StartCOIN,5289,968,2014-03-03 10:59:08,58,7681.0,228,https://twitter.com/start_coin,200.0,783.0,2018-04-15
447,Cindicator,338070,4310,2016-02-02 15:42:33,308,37952.0,14,https://twitter.com/Crowd_indicator,514.0,1856.0,2018-04-15
448,ICON,324068,10114,2017-07-25 03:37:47,165,92255.0,30,https://twitter.com/helloiconworld,889.0,295.0,2018-04-15
449,zcashgold,431170,2,2017-12-16 21:51:57,0,22.0,0,https://twitter.com/ZCashGOLD,0.0,1.0,2018-04-15
450,Zclassic,32544,4149,2016-11-07 16:50:47,129,37597.0,7,https://twitter.com/ZclassicCoin,390.0,324.0,2018-04-15
451,Datawallet,765943,592,2015-05-27 00:07:10,911,5385.0,38,https://twitter.com/DataWalletHQ,54.0,331.0,2018-04-15
452,Snovio,311853,1141,2017-08-03 14:24:10,466,10448.0,15,https://twitter.com/snovio_ico,97.0,409.0,2018-04-15
453,Payfair,409155,260,2017-08-01 10:27:08,40,2368.0,89,https://twitter.com/payfairio,24.0,97.0,2018-04-15
454,Incent,35823,1690,2016-08-22 02:07:58,1178,13222.0,3829,https://twitter.com/IncentLoyalty,366.0,2547.0,2018-04-15
455,Saga Coin,659724,141,2017-11-26 08:28:21,1,1230.0,3,https://twitter.com/Saga_Coin,18.0,14.0,2018-04-15
456,ðŸš€ Privatix,257772,391,2016-01-15 15:19:37,67,3442.0,1836,https://twitter.com/Privatix1,47.0,142.0,2018-04-15
457,Unify Cryptocurrency,182364,635,2017-06-15 11:37:55,294,5891.0,1844,https://twitter.com/unifycrypto,46.0,688.0,2018-04-15
458,Lamden,405291,1288,2017-09-09 20:01:10,295,11809.0,213,https://twitter.com/LamdenTau,108.0,351.0,2018-04-15
459,BTCZCommunity,327184,4,2018-01-06 20:03:24,11,33.0,0,https://twitter.com/BTCZCommunity,1.0,3.0,2018-04-15
460,PlatinumBAR,385933,206,2016-04-21 17:11:48,142,1789.0,672,https://twitter.com/platinumbarxptx,28.0,143.0,2018-04-15
461,Bitcoin Private,770095,5321,2017-12-15 00:33:04,84,48965.0,0,https://twitter.com/bitcoinprivate,425.0,339.0,2018-04-15
462,Rebellious Token,370889,2713,2017-10-07 16:49:12,872,25963.0,19,https://twitter.com/RebelliousCoin,117.0,722.0,2018-04-15
463,,531559,0,,,,,,,,2018-04-15
464,BitcoinDark,4400,4564,2014-07-08 16:05:06,471,40692.0,3463,https://twitter.com/BitcoinDark,494.0,1475.0,2018-04-15
465,Loom Network,836492,755,2017-09-27 08:00:04,1236,6393.0,55,https://twitter.com/loomnetwork,116.0,359.0,2018-04-15
466,NaPoleonX (NOT Giving Away ETH),187015,621,2017-05-05 09:31:15,1137,5470.0,1491,https://twitter.com/NapoleonXai,72.0,2275.0,2018-04-15
467,Elementh,175611,713,2017-07-21 13:03:16,124,6677.0,11,https://twitter.com/Ahooleeman,46.0,456.0,2018-04-15
468,,659973,0,,,,,,,,2018-04-15
469,tattoo coin,49610,77,2016-12-31 13:26:44,151,723.0,614,https://twitter.com/DeveloperTattoo,5.0,110.0,2018-04-15
470,Matchpool,67096,3948,2016-12-19 19:14:03,529,36042.0,1027,https://twitter.com/matchpool,344.0,546.0,2018-04-15
471,cashpoin,4535,137,2015-01-07 18:16:06,198,972.0,2388,https://twitter.com/ChronoKings,39.0,1203.0,2018-04-15
472,,674980,0,,,,,,,,2018-04-15
473,Intense,522090,532,2017-07-17 03:32:11,1780,4840.0,2731,https://twitter.com/intensecoin,48.0,412.0,2018-04-15
474,Bluzelle,752710,3339,2015-06-11 04:50:24,1385,29754.0,3931,https://twitter.com/BluzelleHQ,363.0,1721.0,2018-04-15
475,Bloom,638634,50,2007-03-18 16:46:43,1,408.0,0,https://twitter.com/BloomToken,10.0,1.0,2018-04-15
476,Tracto,371004,48,2017-10-03 06:56:15,2,382.0,8,https://twitter.com/Tracto14,10.0,51.0,2018-04-15
477,Bitcoin Gold [BTG],347235,7627,2017-09-16 01:22:45,1641,68770.0,553,https://twitter.com/bitcoingold,749.0,1055.0,2018-04-15
478,BlackCoin,4339,4100,2014-02-25 14:34:16,1453,36384.0,333,https://twitter.com/CoinBlack,460.0,2843.0,2018-04-15
479,B3Coin,777407,1662,2017-09-26 16:58:28,530,15749.0,55,https://twitter.com/B3Coins,88.0,788.0,2018-04-15
480,Sprout,8761,85,2015-06-22 20:24:16,3,760.0,164,https://twitter.com/SproutCoin,9.0,32.0,2018-04-15
481,Upfiring,404806,328,2017-06-26 04:23:47,15,2954.0,2984,https://twitter.com/upfiringHQ,33.0,91.0,2018-04-15
482,bitcoinscrypt,71321,134,2014-02-18 00:05:24,23,872.0,1458,https://twitter.com/theotherbitcoin,47.0,329.0,2018-04-15
483,,4440,0,,,,,,,,2018-04-15
484,,704135,0,,,,,,,,2018-04-15
485,Augur,17778,12619,2014-11-10 05:32:38,2341,108715.0,264,https://twitter.com/AugurProject,1747.0,1724.0,2018-04-15
486,Request Network,335059,4477,2017-07-21 10:22:57,36,39370.0,15,https://twitter.com/RequestNetwork,540.0,210.0,2018-04-15
487,Republic Protocol,788239,318,2017-08-04 12:28:10,8,2688.0,68,https://twitter.com/republicorg,50.0,28.0,2018-04-15
488,REMME,625010,599,2016-04-06 21:24:27,272,5296.0,561,https://twitter.com/remme_io,70.0,410.0,2018-04-15
489,Regalcoin,322013,1020,2017-07-02 08:05:16,3,9742.0,59,https://twitter.com/regalcoinx,46.0,101.0,2018-04-15
490,RefToken,731629,493,2017-06-03 16:24:27,83,4844.0,482,https://twitter.com/RefToken,9.0,95.0,2018-04-15
491,Factom,13280,2,2015-10-19 22:55:58,1,6.0,1,https://twitter.com/factomproject,2.0,2.0,2018-04-15
492,AICHAIN,777027,122,2018-01-02 06:39:58,38,1145.0,79,https://twitter.com/AICHAIN1,8.0,143.0,2018-04-15
493,,5385,0,,,,,,,,2018-04-15
494,litecoin,3808,44068,2011-10-05 18:30:50,301,412658.0,24,https://twitter.com/litecoin,2803.0,699.0,2018-04-15
495,BLOCKv.io,306482,729,2017-06-27 14:16:59,210,6131.0,81,https://twitter.com/blockv_io,116.0,263.0,2018-04-15
496,VeChain Foundation,236131,9682,2017-09-15 06:20:08,116,88362.0,44,https://twitter.com/vechainofficial,846.0,261.0,2018-04-15
497,U.CASH,299774,3809,2015-11-03 08:28:02,5928,37197.0,31884,https://twitter.com/udotcash,89.0,1214.0,2018-04-15
498,Sia Tech,13072,11276,2015-06-29 19:24:17,686,100679.0,1516,https://twitter.com/SiaTechHQ,1209.0,875.0,2018-04-15
499,QunQun,716767,607,2017-12-25 03:16:39,286,5775.0,247,https://twitter.com/qunqun_io,30.0,504.0,2018-04-15
500,Cashaa LTD,319254,1512,2016-06-27 09:50:04,4657,13310.0,270,https://twitter.com/CashaaLtd,181.0,811.0,2018-04-15
501,,5408,0,,,,,,,,2018-04-15
502,Kyle Hornberg,327632,24,2017-08-29 08:51:37,883,141.0,39,https://twitter.com/canya_io,10.0,29.0,2018-04-15
503,Change,341422,887,2016-05-30 11:40:21,72,7501.0,11,https://twitter.com/changefinance,137.0,274.0,2018-04-15
504,Counterparty,5292,3943,2014-02-11 05:12:07,453,32159.0,1531,https://twitter.com/CounterpartyXCP,727.0,1811.0,2018-04-15
505,Duality Solutions,131111,660,2017-03-08 13:33:55,103,5595.0,105,https://twitter.com/dualitychain,101.0,145.0,2018-04-15
506,BATA | Barter And Trade Alternative,16125,109,2014-09-15 17:05:28,818,407.0,2,https://twitter.com/Bata_Money,62.0,7351.0,2018-04-15
507,Bitcoin,1182,89629,2011-08-18 05:06:08,555,830589.0,151,https://twitter.com/bitcoin,6552.0,19902.0,2018-04-15
508,Condensation,67462,324,2017-04-30 23:32:28,46,2708.0,656,https://twitter.com/condensate_rain,54.0,96.0,2018-04-15
509,0x,186277,12596,2017-02-01 07:50:37,499,110548.0,34,https://twitter.com/0xproject,1542.0,448.0,2018-04-15
510,Grid+,385907,616,2017-05-11 00:03:57,139,4742.0,67,https://twitter.com/gridplus_energy,142.0,257.0,2018-04-15
511,Creativechain,48787,443,2015-11-17 17:04:05,1018,3189.0,1257,https://twitter.com/Creative_Chain,124.0,1176.0,2018-04-15
512,Ñ´erify.as,502301,805,2017-11-05 10:51:22,17,7614.0,2,https://twitter.com/verif_yas,44.0,105.0,2018-04-15
513,Adshares,194530,270,2017-06-16 14:07:06,20,2209.0,589,https://twitter.com/adsharesNet,50.0,141.0,2018-04-15
514,,309621,0,,,,,,,,2018-04-15
515,Stratisplatform,24294,15492,2016-05-23 10:12:17,666,136793.0,168,https://twitter.com/stratisplatform,1812.0,1119.0,2018-04-15
516,Zcoin,30022,5594,2016-12-17 23:19:24,1792,48655.0,1164,https://twitter.com/zcoinofficial,728.0,1476.0,2018-04-15
517,InsurePal,718398,1108,2017-11-25 10:32:06,560,10357.0,859,https://twitter.com/InsurePal_io,73.0,433.0,2018-04-15
518,Astronaut,387875,227,2017-08-23 11:38:52,106,1746.0,112,https://twitter.com/astronautcap,53.0,240.0,2018-04-15
519,Stellar,4614,25249,2014-04-24 00:11:10,3739,227993.0,1546,https://twitter.com/stellarorg,2448.0,2475.0,2018-04-15
520,The NAGA Coin,466339,1040,2016-01-02 02:46:09,398,9401.0,17,https://twitter.com/naga_coin,100.0,538.0,2018-04-15
521,KORE Surf's Up!,5318,1262,2014-07-02 17:20:07,1070,10969.0,1020,https://twitter.com/NewKoreCoin,166.0,824.0,2018-04-15
522,Solaris Coin,61061,1041,2017-03-18 10:01:17,1301,9467.0,4601,https://twitter.com/SolarisCoin,94.0,1796.0,2018-04-15
523,Blackmoon,304184,773,2016-07-01 12:56:18,44,6355.0,69,https://twitter.com/BlackmoonFG,138.0,293.0,2018-04-15
524,DENT,141331,3781,2017-06-06 14:09:19,2586,34068.0,3637,https://twitter.com/dentcoin,375.0,284.0,2018-04-15
525,UTRUST,236358,2984,2017-06-29 16:57:27,728,27478.0,464,https://twitter.com/UTRUST_Official,237.0,467.0,2018-04-15
526,Sharpe Capital,364472,341,2015-01-07 03:04:52,822,2954.0,1678,https://twitter.com/sharpecapital,46.0,177.0,2018-04-15
527,POSTcoinArena,20444,152,2016-05-24 14:46:36,78,1037.0,350,https://twitter.com/POSTcoinArena,49.0,303.0,2018-04-15
528,Britcoin3,182416,67,2016-02-09 14:55:56,97,448.0,121,https://twitter.com/britcoin3uk,23.0,100.0,2018-04-15
529,eBCH,371095,2,2017-08-05 03:21:13,0,23.0,0,https://twitter.com/eBCHCoin,0.0,5.0,2018-04-15
530,Electra Coin (ECA),409249,1785,2017-10-08 12:41:43,1094,17114.0,108,https://twitter.com/ElectracoinECA,74.0,648.0,2018-04-15
531,Remington Clark,55650,38,2017-09-16 03:27:06,1,322.0,57,https://twitter.com/MobileGoIco,6.0,8.0,2018-04-15
532,LUXCORE,351720,1311,2017-10-02 21:10:33,190,11379.0,73,https://twitter.com/LUX_Coin,174.0,368.0,2018-04-15
533,SPHR,6111,251,2015-05-05 08:01:53,10,1868.0,47,https://twitter.com/ProjectSPHR,65.0,4.0,2018-04-15
534,Ignition Coin [No ETH Giveaways],849815,452,2017-12-14 21:01:04,2466,4071.0,2283,https://twitter.com/ignition_coin,44.0,1346.0,2018-04-15
535,Lunyr,67447,3776,2016-12-23 02:23:18,656,32602.0,3024,https://twitter.com/LunyrInc,515.0,1187.0,2018-04-15
536,Bean Cash,4338,1073,2015-02-16 04:26:55,698,8934.0,246,https://twitter.com/BitBeanCoin,179.0,1035.0,2018-04-15
537,WePower,355242,3693,2017-07-19 15:32:01,1321,33897.0,2117,https://twitter.com/WePowerN ,302.0,2207.0,2018-04-15
538,Vertcoin,5018,9192,2014-01-04 08:51:47,1703,83611.0,86,https://twitter.com/Vertcoin,830.0,1246.0,2018-04-15
539,,667239,0,,,,,,,,2018-04-15
540,vTorrent,5372,249,2014-12-11 13:50:29,9,2007.0,215,https://twitter.com/vTorrentCrypto,49.0,41.0,2018-04-15
541,Rentberry,784762,2416,2015-03-18 03:56:41,1319,23307.0,4399,https://twitter.com/Rentberry_,86.0,576.0,2018-04-15
542,DADI,778953,2625,2014-04-14 17:06:05,1069,22345.0,789,https://twitter.com/dadi,390.0,1505.0,2018-04-15
543,XP eXperience Points,318154,1983,2016-08-18 06:12:16,238,18115.0,4035,https://twitter.com/theBigXP,172.0,893.0,2018-04-15
544,Kekcoin Core,368743,147,2017-07-14 18:36:53,29,1246.0,44,https://twitter.com/KekCore,23.0,63.0,2018-04-15
545,Hive Project,179329,893,2017-05-11 13:34:51,157,7517.0,256,https://twitter.com/hiveproject_net,142.0,508.0,2018-04-15
546,AppCoins,346812,2836,2017-10-04 10:57:07,336,25767.0,73,https://twitter.com/AppCoinsProject,260.0,329.0,2018-04-15
547,SelfKey,360299,2125,2017-08-09 12:06:30,219,20056.0,121,https://twitter.com/SelfKey,120.0,248.0,2018-04-15
548,,486886,0,,,,,,,,2018-04-15
549,BBNcoin,843613,565,2017-12-01 22:47:32,128,5571.0,342,https://twitter.com/bbncoin,8.0,491.0,2018-04-15
550,,29462,0,,,,,,,,2018-04-15
551,RonPaulCoin,4594,141,2014-01-01 00:03:08,31,1006.0,1755,https://twitter.com/RPCoin,41.0,180.0,2018-04-15
552,Rubycoin,5316,878,2014-01-22 16:32:23,366,7221.0,16,https://twitter.com/RubyCoinOrg,156.0,404.0,2018-04-15
553,DopeCoin,28332,2272,2014-01-20 16:37:26,38492,20216.0,7963,https://twitter.com/dopecoinGold,249.0,2583.0,2018-04-15
554,Rimbit âž¡ ,8695,586,2014-04-11 06:04:16,126,4051.0,3641,https://twitter.com/RimbitCom,169.0,12326.0,2018-04-15
555,GPU Coin,20650,373,2016-06-03 23:56:57,15,3431.0,4925,https://twitter.com/GPU_coin,30.0,277.0,2018-04-15
556,Storj Labs,187347,9642,2011-07-31 02:56:44,3373,81040.0,3726,https://twitter.com/storjproject,1536.0,2500.0,2018-04-15
557,Storm Token,186875,2604,2017-06-28 04:44:28,849,23183.0,86,https://twitter.com/Storm_Token,286.0,724.0,2018-04-15
558,ReggieMiddleton,136211,3005,2008-11-16 19:30:45,80,23011.0,590,https://twitter.com/ReggieMiddleton,690.0,14786.0,2018-04-15
559,Novusphere,61902,164,2017-02-09 23:15:24,31,1245.0,115,https://twitter.com/thenovusphere,40.0,126.0,2018-04-15
560,,355702,0,,,,,,,,2018-04-15
561,Legolas Exchange,710370,1301,2017-11-21 21:50:20,248,11460.0,5108,https://twitter.com/LegolasExchange,155.0,156.0,2018-04-15
562,OTN_official,370726,322,2017-09-06 16:05:52,352,2727.0,28,https://twitter.com/OTNcoin,50.0,360.0,2018-04-15
563,LegendsRoomVegas,66259,2404,2014-03-06 16:40:13,4670,22299.0,6710,https://twitter.com/legendsroom,173.0,2479.0,2018-04-15
564,Octanox,188294,1200,2017-05-28 07:23:13,43,11500.0,77,https://twitter.com/OctanoxPlatform,50.0,221.0,2018-04-15
565,Etherparty_io,292748,0,2017-11-30 22:28:46,0,2.0,2,https://twitter.com/etherparty_io,0.0,1.0,2018-04-15
566,aXpire,727769,636,2017-12-24 16:35:09,439,5779.0,509,https://twitter.com/aXpire_official,59.0,183.0,2018-04-15
567,UQUID COIN,418694,18,2017-10-03 09:39:04,2,162.0,4,https://twitter.com/UquidC,2.0,16.0,2018-04-15
568,BigUp!!,20819,44,2015-08-04 19:48:53,2,287.0,305,https://twitter.com/BigUpKing,16.0,88.0,2018-04-15
569,Blocktix,175671,4679,2016-09-26 07:47:43,98,45268.0,104,https://twitter.com/blocktix,153.0,193.0,2018-04-15
570,Jesus Coin,770043,703,2017-08-28 09:52:19,168,6889.0,349,https://twitter.com/Jesuscoinico,15.0,308.0,2018-04-15
571,PRIZM,77306,18,2017-02-23 12:12:42,6,135.0,1,https://twitter.com/PRIZM_ru,5.0,130.0,2018-04-15
572,Titcoinâ„¢,4624,513,2014-01-25 03:33:25,9467,4124.0,930,https://twitter.com/OfficialTitcoin,99.0,2659.0,2018-04-15
573,BiblePay (BBP),779041,159,2017-08-28 16:45:55,611,1456.0,110,https://twitter.com/BiblePay,14.0,174.0,2018-04-15
574,CRYPTO20,339632,1053,2017-08-02 20:29:56,224,9525.0,403,https://twitter.com/CRYPTOtwenty,101.0,448.0,2018-04-15
575,Bodhi,660947,351,2017-06-23 08:02:16,74,2900.0,28,https://twitter.com/bodhitoken,61.0,151.0,2018-04-15
576,DASH,3807,32482,2014-02-11 14:55:27,1101,294920.0,257,https://twitter.com/Dashpay,2988.0,2603.0,2018-04-15
577,Photon,608140,252,2014-02-19 06:28:27,386,2110.0,27,https://twitter.com/PhotonCoin,41.0,482.0,2018-04-15
578,BURST,5286,2863,2014-12-23 02:21:27,313,24549.0,1359,https://twitter.com/Burstcoin_dev,409.0,817.0,2018-04-15
579,,116425,0,,,,,,,,2018-04-15
580,Particl [PART],191116,1847,2017-02-24 18:28:42,1664,15233.0,2426,https://twitter.com/particlproject,323.0,1642.0,2018-04-15
581,Maza,4568,379,2013-11-28 20:05:25,74,2917.0,61,https://twitter.com/MazaCoin,88.0,865.0,2018-04-15
582,,77337,0,,,,,,,,2018-04-15
583,Zap.org,684747,213,2016-01-03 02:31:02,570,1879.0,297,https://twitter.com/ZapOracles,26.0,236.0,2018-04-15
584,,136269,0,,,,,,,,2018-04-15
585,Skeincoin,770118,201,2013-12-20 12:44:35,77,1719.0,12,https://twitter.com/Skeincoin,30.0,170.0,2018-04-15
586,WeTrustTeam,37040,2293,2016-10-09 20:24:33,15425,18519.0,2360,https://twitter.com/WeTrustPlatform,441.0,1449.0,2018-04-15
587,GUTS Tickets,597181,2032,2016-03-17 10:53:28,382,19880.0,507,https://twitter.com/GUTStickets,44.0,389.0,2018-04-15
588,TokenClub,716574,32,2017-12-01 06:58:51,10,283.0,35,https://twitter.com/Token8Club,4.0,74.0,2018-04-15
589,mickghee,5304,47,2015-03-24 02:47:13,39,369.0,167,https://twitter.com/CRAVECoin,11.0,439.0,2018-04-15
590,GeoCoin,3647,1223,2015-01-11 16:40:41,160,10205.0,586,https://twitter.com/geo_coin,203.0,161.0,2018-04-15
591,Zoin,53178,662,2017-05-23 18:09:56,1006,5954.0,73,https://twitter.com/zoinofficial,67.0,925.0,2018-04-15
592,Voise Inc. (Not Giving Away ETH),188352,2484,2017-03-12 23:17:08,1850,23293.0,89,https://twitter.com/voisecom,155.0,669.0,2018-04-15
593,eBitcoin (eBTC) Foundation,321189,3653,2017-10-13 13:42:01,1548,35523.0,1306,https://twitter.com/eBTCFoundation,101.0,554.0,2018-04-15
594,scry.info,729809,1058,2017-06-01 07:34:37,208,10351.0,63,https://twitter.com/scryscry8,23.0,183.0,2018-04-15
595,,28019,0,,,,,,,,2018-04-15
596,Aragon,78152,7172,2017-02-06 18:16:09,1657,62641.0,1237,https://twitter.com/AragonProject,908.0,599.0,2018-04-15
597,Novacoin Market,4579,30,2013-11-30 22:28:32,0,121.0,30,https://twitter.com/MarketNvc,2.0,16128.0,2018-04-15
598,,182340,0,,,,,,,,2018-04-15
599,Coin of the Magi,5331,872,2014-04-13 16:11:05,143,7523.0,911,https://twitter.com/CoinMagi,120.0,689.0,2018-04-15
600,Blockmason,374281,1083,2017-06-29 13:13:47,172,9085.0,193,https://twitter.com/blockmasonio,175.0,463.0,2018-04-15
601,Myriad,4345,2099,2014-02-28 13:28:06,1247,19018.0,390,https://twitter.com/myriadcoin,197.0,1307.0,2018-04-15
602,Karma,771553,104,2017-08-15 10:11:15,21,928.0,44,https://twitter.com/KarmaBlockchain,12.0,89.0,2018-04-15
603,Karbo,28154,190,2016-05-30 10:56:20,30,1474.0,17,https://twitter.com/krbcoin,43.0,148.0,2018-04-15
604,Monero || #xmr,5038,31586,2014-05-05 14:22:44,49,287033.0,8,https://twitter.com/monerocurrency,2881.0,2618.0,2018-04-15
605,OriginTrail,716641,1115,2014-05-17 12:59:30,1411,9976.0,492,https://twitter.com/origin_trail,118.0,684.0,2018-04-15
606,TOKC,779014,153,2017-10-10 07:39:34,15,1384.0,48,https://twitter.com/TOKYOCOIN,15.0,189.0,2018-04-15
607,Arbitrage CT,707530,222,2017-09-24 07:06:47,4,1949.0,6,https://twitter.com/arbitrage_ct,28.0,48.0,2018-04-15
608,Zeusshield - ZSC,341328,309,2017-06-19 12:33:30,8,2686.0,211,https://twitter.com/zeusshield,41.0,139.0,2018-04-15
609,Nigel Dollentas,4537,359,2013-09-25 20:50:06,11895,2320.0,745,https://twitter.com/nigeldollentas,123.0,4727.0,2018-04-15
610,RCN,307219,2289,2017-08-28 20:13:10,625,20137.0,1836,https://twitter.com/RCN_token,276.0,246.0,2018-04-15
611,SwftCoin,718353,1203,2017-10-05 20:30:53,1320,11719.0,204,https://twitter.com/SwftCoin,32.0,271.0,2018-04-15
612,INS Ecosystem,370973,2016,2015-04-27 21:14:47,1510,18249.0,127,https://twitter.com/INS_Ecosystem,192.0,701.0,2018-04-15
613,EDU Coins,831932,97,2018-02-02 17:30:38,40,939.0,712,https://twitter.com/edu_coins,4.0,249.0,2018-04-15
614,Nexus,6103,2398,2014-06-19 00:47:19,907,19316.0,75,https://twitter.com/NxsEarth,466.0,1045.0,2018-04-15
615,IPBC,815372,425,2017-12-17 12:22:27,294,3922.0,268,https://twitter.com/ipbc_dev,33.0,213.0,2018-04-15
616,Bolivarcoin (BOLI),21357,1054,2015-08-07 10:00:18,595,9650.0,5802,https://twitter.com/Bolivarcoin,87.0,2065.0,2018-04-15
617,SwagSociety.me,66685,199,2015-12-17 03:03:22,95,1411.0,247,https://twitter.com/SwagSociety_me,56.0,2108.0,2018-04-15
618,Yocoin,20691,78,2015-12-03 05:41:32,1,688.0,4,https://twitter.com/yocoin15,10.0,53.0,2018-04-15
619,Pinkcoin Official,5374,2266,2011-12-06 01:28:32,2556,19903.0,869,https://twitter.com/Pinkcoin_,273.0,3097.0,2018-04-15
620,IUNGO.network,750134,544,2017-07-24 14:49:50,113,5013.0,650,https://twitter.com/IUNGOnetwork,43.0,412.0,2018-04-15
621,CryptoPing,177503,1223,2016-08-18 13:05:25,86,10371.0,481,https://twitter.com/cryptoping,186.0,195.0,2018-04-15
622,PURA,374031,267,2017-08-15 19:54:24,4,1990.0,49,https://twitter.com/PuraSocial,68.0,83.0,2018-04-15
623,Pure,370535,366,2017-09-20 06:33:05,42,3209.0,313,https://twitter.com/purealtcoin,46.0,82.0,2018-04-15
624,Red Pulse,341267,3634,2014-11-26 10:22:59,323,31476.0,446,https://twitter.com/red_pulse_china,484.0,3557.0,2018-04-15
625,Crystal Clear,301191,495,2017-07-25 20:28:19,3,4502.0,6,https://twitter.com/CCS_Crystal,45.0,213.0,2018-04-15
626,OAX,180013,1398,2017-05-11 10:04:34,713,11826.0,233,https://twitter.com/OAX_Foundation,216.0,947.0,2018-04-15
627,Lampix tabletop AR,223283,408,2016-04-04 17:44:34,929,3270.0,785,https://twitter.com/lampix_co,81.0,662.0,2018-04-15
628,MyBit,179345,768,2017-01-16 21:33:38,370,6774.0,223,https://twitter.com/MyBit_DApp,91.0,468.0,2018-04-15
629,Bitcloudcoin,362846,71,2016-09-02 08:59:18,2,472.0,6,https://twitter.com/Bitcloud_BTD,24.0,3.0,2018-04-15
630,Zeepin,731559,4617,2017-08-12 10:35:01,33,44326.0,247,https://twitter.com/ZeepinChain,185.0,156.0,2018-04-15
631,Sumokoin,310812,589,2017-02-17 07:23:06,65,5014.0,70,https://twitter.com/Sumokoin,88.0,176.0,2018-04-15
632,Okcash ðŸ†—,17857,21925,2012-06-15 06:41:38,5179,213277.0,0,https://twitter.com/OKCashCrypto,591.0,7710.0,2018-04-15
633,,43044,0,,,,,,,,2018-04-15
634,MaidSafe,5293,6755,2013-04-02 15:09:44,1564,56799.0,329,https://twitter.com/maidsafe,1073.0,3211.0,2018-04-15
635,Neutroncoin,5301,504,2016-03-31 00:27:42,464,4368.0,565,https://twitter.com/Neutron_Crypto,68.0,501.0,2018-04-15
636,CloakCoin,4417,2653,2014-01-13 03:24:59,1213,22830.0,112,https://twitter.com/CloakCoin,370.0,997.0,2018-04-15
637,,4429,0,,,,,,,,2018-04-15
638,Debitum Network,408765,872,2017-07-13 12:36:49,327,8100.0,352,https://twitter.com/DebitumNetwork,62.0,264.0,2018-04-15
639,The Blocknet,5305,2210,2014-10-24 09:34:46,1176,17508.0,570,https://twitter.com/The_Blocknet,459.0,1913.0,2018-04-15
640,bitbounce,382450,307,2017-07-16 06:51:02,543,2605.0,42,https://twitter.com/bitbounceio,47.0,546.0,2018-04-15
641,MicroMoneyIO,589881,16898,2013-11-05 07:38:53,125,168276.0,2076,https://twitter.com/micromoneyio,71.0,824.0,2018-04-15
642,Ambrosus,238733,1791,2017-07-04 20:08:24,1518,15155.0,609,https://twitter.com/AmbrosusAMB,275.0,1077.0,2018-04-15
643,Synereo,18244,3336,2014-10-16 16:43:58,1767,26586.0,2074,https://twitter.com/Synereo,677.0,1763.0,2018-04-15
644,EnergyCoin,4350,2465,2014-04-29 11:53:53,67828,10587.0,10486,https://twitter.com/energycoin,1242.0,165669.0,2018-04-15
645,Power Ledger,339617,9196,2016-06-06 10:48:16,2369,82210.0,2982,https://twitter.com/PowerLedger_io,972.0,3381.0,2018-04-15
646,AdCoin,249821,297,2017-07-20 13:25:09,519,2605.0,117,https://twitter.com/getadcoin,37.0,118.0,2018-04-15
647,ACT,177157,615,2017-01-09 19:23:45,208,5646.0,440,https://twitter.com/daoact_org,51.0,334.0,2018-04-15
648,Netcoin NET,4574,70,2013-10-20 15:27:51,0,491.0,6,https://twitter.com/NetcoinNET,21.0,79.0,2018-04-15
649,Neufund,372377,367,2016-09-02 10:14:11,1512,2897.0,547,https://twitter.com/neufundorg,78.0,712.0,2018-04-15
650,Xenon Network,362769,271,2017-09-23 09:59:14,6,2266.0,1,https://twitter.com/XenonNet,45.0,9.0,2018-04-15
651,HEXX,41868,280,2015-07-02 22:34:32,93,1843.0,2640,https://twitter.com/hxxcoin,96.0,341.0,2018-04-15
652,WaBi / Walimai,340940,3727,2017-07-13 09:11:52,975,33575.0,128,https://twitter.com/wabiico,370.0,652.0,2018-04-15
653,SALT,314580,5003,2016-09-29 19:21:06,308,42669.0,408,https://twitter.com/SaltLending,737.0,509.0,2018-04-15
654,Memetic / PepeCoin Cryptocurrency,20825,2062,2016-02-14 03:07:47,1598,19397.0,5991,https://twitter.com/pepecoins,123.0,487.0,2018-04-15
655,CoinMeet,836124,487,2017-11-06 06:32:47,39,4753.0,75,https://twitter.com/CoinMeetCoin,12.0,78.0,2018-04-15
656,MediterraneanCoin,4560,68,2014-02-06 09:19:28,9,573.0,194,https://twitter.com/MEDDevTeam,11.0,381.0,2018-04-15
657,ZrCoin,129604,831,2016-12-16 09:36:30,200,7370.0,26,https://twitter.com/ZrCoin,94.0,492.0,2018-04-15
658,Aventus Protocol Foundation,138642,4806,2016-11-15 13:47:59,623,46195.0,156,https://twitter.com/AventusPF,187.0,663.0,2018-04-15
659,Darcrus,61138,1134,2016-10-01 22:57:20,152,9479.0,70,https://twitter.com/darcrus,187.0,434.0,2018-04-15
660,WINGS Foundation,25946,4561,2016-05-16 11:24:10,4386,38289.0,6788,https://twitter.com/wingsplatform,733.0,71.0,2018-04-15
661,IP Exchange,844540,292,2017-09-21 07:12:24,4,2721.0,24,https://twitter.com/ipexchange1,20.0,35.0,2018-04-15
662,Crypterium,710597,1729,2017-09-11 12:35:24,215,15731.0,529,https://twitter.com/crypterium,156.0,822.0,2018-04-15
663,Transfer Dev,13045,353,2015-08-11 16:48:25,655,2468.0,338,https://twitter.com/Transfer_dev,101.0,6128.0,2018-04-15
664,Tierion,186309,2123,2013-02-20 15:11:36,1536,16539.0,336,https://twitter.com/tierion,470.0,716.0,2018-04-15
665,aetrnty,190978,43,2009-05-01 00:41:34,0,373.0,0,https://twitter.com/aetrnty,6.0,1.0,2018-04-15
666,,20907,0,,,,,,,,2018-04-15
667,TrinityProtocol,711252,2196,2017-12-08 07:44:59,54,20554.0,35,https://twitter.com/TrinityProtocol,141.0,141.0,2018-04-15
668,Genesis Vision,385952,2050,2017-05-28 14:32:44,20,18109.0,57,https://twitter.com/genesis_vision,240.0,317.0,2018-04-15
669,,350476,0,,,,,,,,2018-04-15
670,INCAKOIN NKA,7559,209,2013-08-17 20:57:05,162,1811.0,1856,https://twitter.com/incakoin_420,28.0,480.0,2018-04-15
671,,21710,0,,,,,,,,2018-04-15
672,Bitcoin Red,371064,563,2017-10-20 10:56:51,133,5457.0,22,https://twitter.com/BitcoinRed1,18.0,117.0,2018-04-15
673,DNotes,5322,3612,2014-01-23 16:46:15,337,30919.0,4126,https://twitter.com/DNotesCoin,518.0,3985.0,2018-04-15
674,,131154,0,,,,,,,,2018-04-15
675,Capricoin Official,15282,75,2015-07-16 16:12:02,6,605.0,204,https://twitter.com/Capricoin_Team,15.0,13.0,2018-04-15
676,Simple Token,369132,3,2018-01-12 21:37:01,0,39.0,0,https://twitter.com/TheSimpleToken,0.0,1.0,2018-04-15
677,COPYTRACK Global Copyright Register,692869,1119,2017-11-28 10:45:42,1049,10404.0,458,https://twitter.com/CopytrackHQ,79.0,303.0,2018-04-15
678,,5296,0,,,,,,,,2018-04-15
679,MONKEY,675134,223,2017-10-31 17:15:31,127,1842.0,14,https://twitter.com/MONKEYPROJECT_,39.0,112.0,2018-04-15
680,Decentraland,199148,3846,2015-05-20 19:12:01,628,33146.0,141,https://twitter.com/decentraland,532.0,465.0,2018-04-15
681,Worldcore,296844,1331,2015-06-13 23:21:33,478,11502.0,1259,https://twitter.com/worldcoresocial,180.0,1004.0,2018-04-15
682,NobleCoin,4577,239,2014-01-04 14:27:03,508,1916.0,565,https://twitter.com/NobleCoin,47.0,1578.0,2018-04-15
683,Dether,788387,873,2017-06-06 18:58:42,398,8181.0,187,https://twitter.com/dether_io,55.0,388.0,2018-04-15
684,Augmentors Game,55540,616,2016-10-19 04:48:44,1010,4760.0,268,https://twitter.com/AugmentorsGame,140.0,566.0,2018-04-15
685,DATA,713186,6895,2018-01-05 08:37:03,163,67578.0,226,https://twitter.com/Blockchain_Data,138.0,183.0,2018-04-15
686,Tokens,360063,196,2017-10-23 10:55:28,48,1681.0,4,https://twitter.com/TokensNet,28.0,126.0,2018-04-15
687,Electrify.Asia,836445,494,2017-11-08 14:13:19,376,4400.0,943,https://twitter.com/ElectrifyAsia,54.0,297.0,2018-04-15
688,,598428,0,,,,,,,,2018-04-15
689,Fujinto Community,339406,109,2017-08-10 15:39:48,23,935.0,19,https://twitter.com/FUJINTO_,16.0,27.0,2018-04-15
690,,42663,0,,,,,,,,2018-04-15
691,,20824,0,,,,,,,,2018-04-15
692,Feathercoin,4524,2898,2013-05-25 17:50:33,341,24923.0,1091,https://twitter.com/Feathercoin,404.0,2583.0,2018-04-15
693,Project Radium,15870,83,2017-01-05 18:21:23,3,692.0,14,https://twitter.com/ProjectRadium,14.0,12.0,2018-04-15
694,Rupaya,372608,138,2014-03-18 18:50:33,106,1154.0,77,https://twitter.com/RupayaCoin,23.0,309.0,2018-04-15
695,Billionaire Token,375352,203,2017-07-25 13:37:14,269,1650.0,18,https://twitter.com/BillionaireTkn,38.0,344.0,2018-04-15
696,Polybit,7567,30,2014-07-30 19:43:26,0,261.0,2,https://twitter.com/polybitco,4.0,12.0,2018-04-15
697,ClearPoll (Not giving away ETH!),319130,756,2017-08-04 00:14:06,1296,6753.0,370,https://twitter.com/voteclearpoll,81.0,855.0,2018-04-15
698,Moeda,341279,848,2017-03-21 13:54:02,271,7286.0,142,https://twitter.com/moedabanking,120.0,399.0,2018-04-15
699,MediShares,667050,128,2017-08-29 06:46:44,46,1045.0,30,https://twitter.com/MediShares,24.0,189.0,2018-04-15
700,Midnight Currency,33004,19,2015-07-16 20:27:31,4,138.0,392,https://twitter.com/midnightmdt,6.0,5.0,2018-04-15
701,women coin,348068,144,2017-07-01 00:02:32,73,1234.0,320,https://twitter.com/WomenCoin,21.0,88.0,2018-04-15
702,Shekel (JEW),771061,183,2017-11-07 18:51:06,93,1693.0,53,https://twitter.com/shekel_coin,14.0,372.0,2018-04-15
703,DraftCoinâ„¢ [DFT],236039,230,2014-10-24 16:56:26,222,1891.0,50,https://twitter.com/Draftcoin,41.0,306.0,2018-04-15
704,LOOPRING,318169,2931,2007-09-27 20:08:02,1302,25141.0,355,https://twitter.com/loopringorg,416.0,1429.0,2018-04-15
705,,646897,0,,,,,,,,2018-04-15
706,LiteCoin Ultra,531408,104,2017-08-06 06:20:23,4,946.0,24,https://twitter.com/LiteCoinUltra,10.0,16.0,2018-04-15
707,EuropeCoin,20748,159,2014-05-04 12:25:56,515,1312.0,969,https://twitter.com/EuropeCoinERC,27.0,1096.0,2018-04-15
708,Touma Sato,625173,53,2017-11-08 11:06:48,1,504.0,49,https://twitter.com/TokugawaCoin,3.0,16.0,2018-04-15
709,Mithril,847172,155,2017-12-22 06:26:38,84,1305.0,116,https://twitter.com/MithrilToken,25.0,104.0,2018-04-15
710,TOA Coin,341019,250,2017-04-24 07:25:38,299,2340.0,323,https://twitter.com/ToaCoin,16.0,340.0,2018-04-15
711,HMS Global,836331,260,2018-01-19 14:39:52,0,2536.0,452,https://twitter.com/HMSCommunity,7.0,27.0,2018-04-15
712,PIONEER COIN,694199,704,2017-07-09 19:29:29,41,6913.0,70,https://twitter.com/pioneer_coin,13.0,99.0,2018-04-15
713,Nucleus Vision,792548,5891,2017-09-29 18:45:36,1656,54815.0,22,https://twitter.com/NucleusVision,409.0,1063.0,2018-04-15
714,,234508,0,,,,,,,,2018-04-15
715,,394056,0,,,,,,,,2018-04-15
716,AppleByteMe,5338,2161,2014-03-12 19:30:15,5414,17181.0,15596,https://twitter.com/AppleByteMe,434.0,9727.0,2018-04-15
717,tomocoin,816702,628,2017-11-22 02:50:26,73,5817.0,23,https://twitter.com/TomoCoin_io,47.0,89.0,2018-04-15
718,EverGreenCoin (EGC),15885,908,2016-01-03 18:52:58,4638,7452.0,4848,https://twitter.com/EverGreenCoin_,160.0,3804.0,2018-04-15
719,LBRY,23432,3916,2014-11-05 21:34:08,3701,32833.0,655,https://twitter.com/LBRYio,631.0,2804.0,2018-04-15
720,Viberate,198710,3384,2011-12-08 07:52:32,184,30149.0,2008,https://twitter.com/Viberate_com,370.0,958.0,2018-04-15
721,Viacoin,5015,4695,2014-04-07 20:06:17,141,41432.0,59,https://twitter.com/viacoin,552.0,414.0,2018-04-15
722,Viuly,393656,683,2017-09-01 21:05:00,234,6214.0,197,https://twitter.com/ViulyOfficial,62.0,240.0,2018-04-15
723,investFeed,185669,10754,2013-03-22 21:44:37,2975,98905.0,46,https://twitter.com/investfeed,864.0,922.0,2018-04-15
724,Starbase,179947,2644,2016-10-23 08:11:45,1242,24297.0,7423,https://twitter.com/starbaseco,213.0,2901.0,2018-04-15
725,Oceanlab,214738,260,2017-05-29 12:40:12,434,2086.0,260,https://twitter.com/oceanlab_eu,52.0,267.0,2018-04-15
726,OCN,714255,40,2017-12-27 20:10:06,768,362.0,20,https://twitter.com/ODYSSEYPROTOCOL,4.0,415.0,2018-04-15
727,,40806,0,,,,,,,,2018-04-15
728,SocialSend,449573,569,2017-11-01 04:33:59,152,5250.0,20,https://twitter.com/SocialSendCoin,44.0,144.0,2018-04-15
729,FunFair Technologies,178978,4097,2017-06-05 22:17:48,604,35289.0,320,https://twitter.com/FunFairTech,569.0,436.0,2018-04-15
730,STRAKS,536279,689,2017-07-19 14:28:37,98,6197.0,36,https://twitter.com/STRAKSproject,70.0,76.0,2018-04-15
731,,344086,0,,,,,,,,2018-04-15
732,CoinFi,436320,557,2017-08-26 03:49:40,185,4834.0,359,https://twitter.com/coin_fi,74.0,477.0,2018-04-15
733,Pundi X,731516,2009,2017-09-19 07:32:47,440,18419.0,113,https://twitter.com/PundiXLabs,168.0,671.0,2018-04-15
734,SwissBorg,752993,1226,2016-05-01 12:58:13,530,11135.0,417,https://twitter.com/swissborg,112.0,1205.0,2018-04-15
735,ELTCOIN,438867,461,2017-10-07 14:47:29,671,4257.0,187,https://twitter.com/officialELTCOIN,36.0,404.0,2018-04-15
736,Official Embermine ($MBRS),221350,393,2016-11-13 22:33:13,2091,3169.0,2105,https://twitter.com/TheEmbermine,76.0,1183.0,2018-04-15
737,CasinoCoin,4428,126,2017-08-14 21:21:34,606,1057.0,184,https://twitter.com/CasinoCoin,21.0,288.0,2018-04-15
738,TrustToken,844139,541,2017-08-22 02:29:52,108,4254.0,79,https://twitter.com/TrustToken,116.0,138.0,2018-04-15
739,STK token,734584,1082,2017-09-01 13:55:48,520,9820.0,2230,https://twitter.com/STKtoken,100.0,183.0,2018-04-15
740,NEO Smart Economy,27368,33410,2014-06-28 02:51:36,656,306400.0,2198,https://twitter.com/neo_blockchain,2770.0,568.0,2018-04-15
741,bitJob MarketPlace,184237,775,2017-03-28 14:59:16,117,6936.0,1496,https://twitter.com/BitJob_Team,82.0,876.0,2018-04-15
742,Dogecoin,4432,22104,2013-12-08 08:16:34,19,209783.0,6,https://twitter.com/dogecoin,1126.0,383.0,2018-04-15
743,Mooncoin,4346,111,2013-12-28 12:32:34,0,862.0,16,https://twitter.com/RealMooncoin,25.0,220.0,2018-04-15
744,MonetaryUnit,22325,1935,2014-06-27 19:50:29,2915,16064.0,680,https://twitter.com/MonetaryUnit,321.0,8810.0,2018-04-15
745,CureCoin,5387,1224,2013-11-20 01:17:57,4789,9162.0,2938,https://twitter.com/CureCoin_Team,306.0,2083.0,2018-04-15
746,DigiByte,4430,16122,2013-12-29 00:40:10,2491,147506.0,432,https://twitter.com/DigiByteCoin,1369.0,3882.0,2018-04-15
747,Digitalcoin,4353,543,2012-03-10 18:38:03,3,4747.0,38,https://twitter.com/DigitalcoinDGC,69.0,250.0,2018-04-15
748,DigixGlobal,18907,1801,2014-12-10 02:54:51,246,14220.0,537,https://twitter.com/DigixGlobal,379.0,411.0,2018-04-15
749,AirSwap,337162,3134,2017-04-23 17:10:23,339,26909.0,17,https://twitter.com/airswap,444.0,416.0,2018-04-15
750,Klenergy,718673,436,2014-05-09 10:30:17,831,3882.0,635,https://twitter.com/KlenergyTech,48.0,865.0,2018-04-15
751,UnbreakableCoin UNB,4629,700,2014-03-25 12:07:28,520,5446.0,2003,https://twitter.com/Unbreakablcoin,155.0,1590.0,2018-04-15
752,Revain,345420,728,2017-05-23 10:50:41,267,6370.0,194,https://twitter.com/Revain_org,91.0,504.0,2018-04-15
753,Ethereum Blue,350048,1,2018-04-13 01:07:47,0,13.0,0,https://twitter.com/EthereumBlue,0.0,1.0,2018-04-15
754,CVcoin,188400,719,2017-02-20 23:49:22,68,6403.0,10,https://twitter.com/cvcoin_ico,79.0,380.0,2018-04-15
755,IoT Chain,597629,1118,2017-11-20 06:04:16,190,10078.0,244,https://twitter.com/IoT_Chain,111.0,173.0,2018-04-15
756,VIVO Coin,341205,294,2017-08-07 12:07:06,16,2623.0,10,https://twitter.com/vivocrypto,32.0,51.0,2018-04-15
757,ITT_Token,232678,177,2017-07-19 05:44:23,32,1513.0,987,https://twitter.com/ITT_Token,26.0,121.0,2018-04-15
758,GoByte Coin,398705,316,2017-11-07 16:12:23,106,2835.0,22,https://twitter.com/gobytenetwork,33.0,157.0,2018-04-15
759,Bibox,757969,984,2017-09-20 19:41:28,3,8463.0,97,https://twitter.com/Bibox365,138.0,81.0,2018-04-15
760,Crypto Bismuth,322963,605,2013-05-16 08:30:58,1276,4980.0,2193,https://twitter.com/CryptoBismuth,105.0,2623.0,2018-04-15
761,,33936,0,,,,,,,,2018-04-15
762,Elastos,744987,2007,2017-08-16 09:13:14,136,18606.0,8,https://twitter.com/Elastos_org,147.0,186.0,2018-04-15
763,,20681,0,,,,,,,,2018-04-15
764,Sterlingcoin,4605,128,2014-06-27 02:20:39,697,839.0,304,https://twitter.com/SterlingcoinSLG,45.0,722.0,2018-04-15
765,Monaco Card,166548,7026,2017-05-16 05:12:53,114,62303.0,54,https://twitter.com/monaco_card,796.0,370.0,2018-04-15
766,Machinecoin (ÉƒMAC),41962,388,2014-01-08 10:09:42,1305,2544.0,1674,https://twitter.com/machinecoin,129.0,5495.0,2018-04-15
767,wandx.co,320621,633,2017-06-27 06:33:12,537,5983.0,2516,https://twitter.com/WandXDapp,35.0,543.0,2018-04-15
768,Expanse,12194,3267,2015-08-09 13:47:56,4345,28434.0,1828,https://twitter.com/ExpanseOfficial,422.0,2178.0,2018-04-15
769,GlobalBoostÂ®,6100,1729,2011-02-08 15:23:05,5665,14490.0,13038,https://twitter.com/GlobalBoost,275.0,5266.0,2018-04-15
770,IOStoken,716522,21469,2017-12-29 15:02:11,350,211408.0,99,https://twitter.com/IOStoken,329.0,411.0,2018-04-15
771,Experty.io,388493,1759,2017-07-26 15:21:15,390,16374.0,252,https://twitter.com/experty_io,122.0,609.0,2018-04-15
772,TrezarCoin,338180,358,2017-08-10 20:37:11,346,3171.0,53,https://twitter.com/TrezarCoin,41.0,321.0,2018-04-15
773,,28021,0,,,,,,,,2018-04-15
774,,196541,0,,,,,,,,2018-04-15
775,Hemp Coin (THC),29924,6690,2014-01-31 21:33:23,1153,64048.0,4078,https://twitter.com/thehempcoin,286.0,878.0,2018-04-15
776,Autonio,412112,670,2017-08-21 00:20:18,446,6320.0,210,https://twitter.com/AI_Autonio,38.0,776.0,2018-04-15
777,Linx,253667,377,2017-05-08 02:40:17,166,3282.0,52,https://twitter.com/linXcoin,49.0,174.0,2018-04-15
778,Kin Foundation,177918,2605,2017-05-15 16:17:58,159,22879.0,131,https://twitter.com/kin_foundation,318.0,451.0,2018-04-15
779,Metaverse,328639,2079,2017-06-26 07:48:38,108,18612.0,119,https://twitter.com/mvs_org,218.0,734.0,2018-04-15
780,Joe Connors,7586,5,2017-10-12 09:17:47,1,16.0,0,https://twitter.com/Crowncoin1,4.0,1.0,2018-04-15
781,Credit 2.0,17547,153,2017-01-27 13:10:00,99,1194.0,120,https://twitter.com/credit_2,34.0,134.0,2018-04-15
782,CrowdCoin,586482,302,2017-11-10 15:03:09,62,2724.0,2169,https://twitter.com/CrowdCoin_CRC,30.0,504.0,2018-04-15
783,Syndicate LTD,27591,350,2017-09-12 15:26:57,2,2857.0,0,https://twitter.com/syndicate_ltd,65.0,34.0,2018-04-15
784,fidentiaX,777557,438,2017-08-23 04:06:04,136,3938.0,60,https://twitter.com/fidentiaX,45.0,226.0,2018-04-15
785,CREAM cryptocurrency,202049,774,2017-05-24 13:51:51,1329,7148.0,3740,https://twitter.com/creamcoin,58.0,2293.0,2018-04-15
786,Aerium,411647,881,2017-11-10 00:43:11,59,8522.0,68,https://twitter.com/AeriumCoin,29.0,97.0,2018-04-15
787,Bitswiftâ„¢,4616,1008,2014-09-29 15:43:49,1201,8028.0,6142,https://twitter.com/Bit_Swift,205.0,1605.0,2018-04-15
788,,4438,0,,,,,,,,2018-04-15
789,Universal Currency,20728,250,2015-04-26 02:50:30,33,2164.0,469,https://twitter.com/UnitCurrency,34.0,43.0,2018-04-15
790,Opus,197054,417,2017-07-05 23:34:17,23,3553.0,10,https://twitter.com/opusfoundation,62.0,106.0,2018-04-15
791,Litecoin Plus,667139,606,2017-10-27 18:08:27,104,6009.0,310,https://twitter.com/Media_LCP,6.0,53.0,2018-04-15
792,,45258,0,,,,,,,,2018-04-15
793,SAFEX,20594,2068,2015-11-16 04:10:55,284,18608.0,2,https://twitter.com/safe_exchange,208.0,331.0,2018-04-15
794,BUZZcoin,28893,683,2015-12-14 14:40:41,561,6176.0,49,https://twitter.com/buzzcoin,66.0,480.0,2018-04-15
795,NULS,377792,2215,2017-09-27 10:29:56,53,20302.0,199,https://twitter.com/nulsservice,185.0,345.0,2018-04-15
796,Musicoin Project,53950,2054,2016-07-07 06:56:49,4090,16963.0,2287,https://twitter.com/musicoins,350.0,8473.0,2018-04-15
797,FORTUNA BLOCKCHAIN,729627,562,2017-12-05 13:32:24,49,5044.0,42,https://twitter.com/FortunaBlockch1,58.0,103.0,2018-04-15
798,Theta Token,714811,4071,2017-10-14 00:18:28,48,39722.0,127,https://twitter.com/ThetaToken,99.0,182.0,2018-04-15
799,Plutus,42837,494,2015-10-17 12:57:07,142,3324.0,7,https://twitter.com/PlutusIT,162.0,438.0,2018-04-15
800,PillarProject.io,184298,1407,2017-03-04 17:30:19,2372,12218.0,61,https://twitter.com/PillarWallet,185.0,1021.0,2018-04-15
801,GRAFT Blockchain,326286,237,2017-07-16 01:21:20,63,2107.0,94,https://twitter.com/graftnetwork,27.0,268.0,2018-04-15
802,Canada eCoin (CDN),52015,130,2014-03-05 17:05:22,61,1035.0,1865,https://twitter.com/ThisIsOurCoin,27.0,95.0,2018-04-15
803,Blox.io (CoinDash),177139,44,2017-10-22 12:27:56,0,373.0,0,https://twitter.com/coindashio,7.0,8.0,2018-04-15
804,PlusCoin - DSPLUS,380571,159,2017-07-17 10:33:24,192,1457.0,120,https://twitter.com/DsplusF,14.0,155.0,2018-04-15
805,Elixir,321177,536,2017-07-06 00:22:42,75,4655.0,40,https://twitter.com/elixtoken,71.0,145.0,2018-04-15
806,Peercoin,2349,4921,2013-11-01 01:44:09,529,43554.0,27,https://twitter.com/peercoinppc,565.0,1697.0,2018-04-15
807,allsportsSOC,788409,822,2018-01-14 10:55:24,3,7946.0,72,https://twitter.com/allsportschain,28.0,65.0,2018-04-15
808,GATCOIN,349487,473,2017-08-04 01:58:40,49,4291.0,135,https://twitter.com/gatcoin,44.0,439.0,2018-04-15
809,NEO Smart Economy,213532,33404,2014-06-28 02:51:36,656,306355.0,2198,https://twitter.com/neo_blockchain,2769.0,568.0,2018-04-15
810,GambitCrypto,6102,678,2015-03-06 05:35:00,1,5501.0,1760,https://twitter.com/gambitcrypto,128.0,4.0,2018-04-15
811,PayPie,327500,848,2017-07-10 21:48:04,4,7324.0,3,https://twitter.com/PayPiePlatform,116.0,195.0,2018-04-15
812,Populous Platform,179896,2506,2016-12-11 19:36:19,39,21312.0,28,https://twitter.com/bitpopulous,375.0,489.0,2018-04-15
813,PeerPlays,29348,511,2016-02-09 02:39:50,502,4042.0,3912,https://twitter.com/PeerPlays,107.0,600.0,2018-04-15
814,Matryx (MTX),257110,244,2017-05-25 02:53:17,243,2108.0,259,https://twitter.com/matryx_ai,34.0,482.0,2018-04-15
815,cubeintelligence,815399,644,2017-11-23 00:42:29,1210,6107.0,2422,https://twitter.com/cubeintel,34.0,924.0,2018-04-15
816,CampusCoin Project,228090,597,2017-07-01 23:03:21,8737,5631.0,3332,https://twitter.com/CampusCoinORG,34.0,436.0,2018-04-15
817,Monetha.io,208914,2147,2017-05-01 08:01:05,304,18487.0,61,https://twitter.com/Monetha_io,299.0,333.0,2018-04-15
818,MyTrackNet,313967,271,2017-06-24 20:09:29,261,2512.0,125,https://twitter.com/MyTrackNet,20.0,326.0,2018-04-15
819,Metal,179164,3864,2015-03-27 23:33:58,32420,32329.0,4794,https://twitter.com/metalpaysme,631.0,1159.0,2018-04-15
820,Maecenas,311558,271,2016-07-21 00:12:07,255,2067.0,161,https://twitter.com/maecenasart,65.0,312.0,2018-04-15
821,Block Array,769416,251,2017-10-21 19:59:44,97,2234.0,44,https://twitter.com/blockarraygroup,28.0,62.0,2018-04-15
822,ARbit,7599,59,2015-05-08 19:34:47,3,458.0,660,https://twitter.com/get_ARbit,14.0,20.0,2018-04-15
823,,188615,0,,,,,,,,2018-04-15
824,,4371,0,,,,,,,,2018-04-15
825,ARK.io,32699,7230,2016-09-11 02:07:32,1187,62049.0,2714,https://twitter.com/ArkEcosystem,1025.0,1215.0,2018-04-15
826,Aeron Aero,335127,3104,2017-07-27 10:42:43,8,29123.0,33,https://twitter.com/aeron_aero,192.0,247.0,2018-04-15
827,trade.io,372812,1142,2017-09-27 23:23:00,113,10640.0,48,https://twitter.com/TradeToken,78.0,398.0,2018-04-15
828,Tigereum,765383,198,2017-10-18 06:47:26,10,1937.0,43,https://twitter.com/tigereumtokens,5.0,140.0,2018-04-15
829,Hacken,517775,788,2017-08-18 12:55:28,1983,7156.0,127,https://twitter.com/Hacken_io,72.0,1126.0,2018-04-15
830,Nxt,1183,9767,2013-12-13 12:47:48,781,86312.0,99,https://twitter.com/nxtcommunity,1132.0,4222.0,2018-04-15
831,Beyond the void,35678,769,2016-02-17 19:33:21,475,5847.0,786,https://twitter.com/BeyondVoidGame,184.0,1273.0,2018-04-15
832,Latium,849939,1716,2017-06-08 19:18:58,137,16297.0,12,https://twitter.com/LatiumCoin,87.0,331.0,2018-04-15
833,â‚¡OVAL,28276,1196,2016-07-31 04:25:22,86,10544.0,12,https://twitter.com/circuitsofvalue,142.0,229.0,2018-04-15
834,Ethereum Gold (ETG),347450,670,2017-10-12 00:37:12,1086,6419.0,74,https://twitter.com/ethereumgoldetg,29.0,188.0,2018-04-15
835,yoyow,322002,2712,2016-09-16 15:24:30,37,26019.0,103,https://twitter.com/InfoYoyow,111.0,106.0,2018-04-15
836,,231674,0,,,,,,,,2018-04-15
837,FoldingCoin,5348,1719,2014-07-19 15:24:43,320,14672.0,175,https://twitter.com/FoldingCoin,251.0,1641.0,2018-04-15
838,TaaS,66270,1448,2017-02-01 10:50:47,18,12059.0,193,https://twitter.com/TaaSfund,243.0,241.0,2018-04-15
839,BitDegree,423754,2163,2017-08-28 11:57:52,3754,20152.0,29,https://twitter.com/bitdegree_org,148.0,486.0,2018-04-15
840,Bitdeal,374294,122,2017-06-21 07:33:27,0,796.0,0,https://twitter.com/bitdealuk,43.0,40.0,2018-04-15
841,,289715,0,,,,,,,,2018-04-15
842,Gifto,517477,1416,2017-09-22 10:17:03,107,12406.0,45,https://twitter.com/GIFTO_io,176.0,253.0,2018-04-15
843,,136190,0,,,,,,,,2018-04-15
844,UpToken,347247,319,2017-09-01 21:10:42,166,2812.0,4937,https://twitter.com/UpToken,38.0,283.0,2018-04-15
845,TNB Official,517483,1547,2017-11-12 09:58:25,111,13659.0,40,https://twitter.com/TimeNewBank,182.0,119.0,2018-04-15
846,indaHash,708873,1096,2015-11-24 09:39:40,556,9930.0,1031,https://twitter.com/indaHash,103.0,958.0,2018-04-15
847,Mintcoin,4562,1666,2014-02-01 15:24:20,222,14931.0,1277,https://twitter.com/MintcoinTeam,172.0,1192.0,2018-04-15
848,BROTHER,357734,160,2017-08-17 20:44:03,17,1424.0,58,https://twitter.com/coinBrat,18.0,67.0,2018-04-15
849,CoinStarter,396716,511,2017-07-17 22:55:44,173,4800.0,11,https://twitter.com/realCoinStarter,31.0,106.0,2018-04-15
850,Digipulse,202696,327,2017-02-08 17:44:21,217,2926.0,117,https://twitter.com/DigiPulseIO,35.0,242.0,2018-04-15
851,SecureCoin,4611,50,2011-12-11 20:37:54,0,347.0,5,https://twitter.com/SecureCoin,16.0,2.0,2018-04-15
852,Newbium,380794,571,2016-04-02 16:37:42,119,3233.0,242,https://twitter.com/newbiumcoin,246.0,2072.0,2018-04-15
853,,28219,0,,,,,,,,2018-04-15
854,Mothership,198408,1546,2017-06-04 00:02:36,185,12898.0,17,https://twitter.com/MothershipCX,257.0,474.0,2018-04-15
855,Quantstamp,397757,5784,2017-09-08 07:33:05,586,51963.0,236,https://twitter.com/Quantstamp,588.0,374.0,2018-04-15
856,INSTAR,819702,618,2018-01-02 01:36:32,304,5721.0,66,https://twitter.com/instartoken,46.0,153.0,2018-04-15
857,42-coin Official,4321,375,2016-12-03 23:25:15,20,3492.0,3556,https://twitter.com/42newchain,26.0,71.0,2018-04-15
858,Maker,769546,1044,2015-04-21 13:51:12,182,8154.0,245,https://twitter.com/MakerDAO,229.0,228.0,2018-04-15
859,Datum,335505,3846,2017-07-05 08:22:03,411,36812.0,2685,https://twitter.com/datumnetwork,164.0,1145.0,2018-04-15
860,Hero,369251,512,2017-07-28 10:55:38,538,4555.0,585,https://twitter.com/HEROcoinio,57.0,725.0,2018-04-15
861,Loci.io,404890,732,2017-06-23 15:31:52,465,6804.0,246,https://twitter.com/loci_io,52.0,414.0,2018-04-15
862,Streamr,369151,1662,2014-10-01 13:11:54,770,13973.0,2252,https://twitter.com/streamrinc,265.0,497.0,2018-04-15
